-- --------------------------------------------------------
-- Host:                         127.0.0.1
-- Server version:               5.6.39-83.1-56-log - Percona XtraDB Cluster (GPL), Release rel83.1, Revision 0a72eda, WSREP version 26.25, wsrep_26.25
-- Server OS:                    Linux
-- HeidiSQL Version:             9.4.0.5125
-- --------------------------------------------------------

/*!40101 SET @OLD_CHARACTER_SET_CLIENT=@@CHARACTER_SET_CLIENT */;
/*!40101 SET NAMES utf8 */;
/*!50503 SET NAMES utf8mb4 */;
/*!40014 SET @OLD_FOREIGN_KEY_CHECKS=@@FOREIGN_KEY_CHECKS, FOREIGN_KEY_CHECKS=0 */;
/*!40101 SET @OLD_SQL_MODE=@@SQL_MODE, SQL_MODE='NO_AUTO_VALUE_ON_ZERO' */;


-- Dumping database structure for sbc
CREATE DATABASE IF NOT EXISTS `sbc` /*!40100 DEFAULT CHARACTER SET utf16 COLLATE utf16_unicode_ci */;
USE `sbc`;

-- Dumping structure for table sbc.acl
CREATE TABLE IF NOT EXISTS `acl` (
  `i_acl` int(10) unsigned NOT NULL AUTO_INCREMENT,
  `ip_auth` char(128) COLLATE utf8_unicode_ci NOT NULL,
  `ip_proxy` char(128) COLLATE utf8_unicode_ci DEFAULT NULL,
  `timestamp` timestamp NOT NULL DEFAULT CURRENT_TIMESTAMP,
  `block_regex_caller` varchar(1024) COLLATE utf8_unicode_ci NOT NULL DEFAULT '',
  `block_regex_callee` varchar(1024) COLLATE utf8_unicode_ci NOT NULL DEFAULT '',
  `allow_regex_caller` varchar(1024) COLLATE utf8_unicode_ci NOT NULL DEFAULT '',
  `allow_regex_callee` varchar(1024) COLLATE utf8_unicode_ci NOT NULL DEFAULT '',
  `description` char(255) COLLATE utf8_unicode_ci NOT NULL DEFAULT '',
  PRIMARY KEY (`i_acl`)
) ENGINE=InnoDB AUTO_INCREMENT=10335 DEFAULT CHARSET=utf8 COLLATE=utf8_unicode_ci;

-- Dumping data for table sbc.acl: ~18 rows (approximately)
/*!40000 ALTER TABLE `acl` DISABLE KEYS */;
INSERT IGNORE INTO `acl` (`i_acl`, `ip_auth`, `ip_proxy`, `timestamp`, `block_regex_caller`, `block_regex_callee`, `allow_regex_caller`, `allow_regex_callee`, `description`) VALUES
	(1, '10.51.9.5', '10.50.245.95', '2018-03-04 23:27:57', '', '^(00|\\\\+84|1900|1800).*', '', '^[0-9]{8,16}.*', 'telco'),
	(2, '10.51.9.7', '10.50.245.96', '2018-03-14 00:02:21', '', '^(00|\\\\+84|1900|1800).*', '', '^[0-9]{8,16}.*', ''),
	(10297, '210.245.26.17', '210.245.26.14', '2018-03-05 15:20:33', '', '^(00|\\\\+84|1900|1800).*', '', '^[0-9]{8,16}.*', '1111'),
	(10303, '1121-211--1', '10.0.0.1', '2018-03-07 09:46:01', '', '^(00|\\\\+84|1900|1800).*', '', '^[0-9]{8,16}.*', '10.0.0.1:200'),
	(10305, '10.0.0.1', NULL, '2018-03-07 10:19:55', '', '^(00|\\\\+84|1900|1800).*', '', '^[0-9]{8,16}.*', '1111'),
	(10306, '210.245.26.14', NULL, '2018-03-13 23:34:45', '', '^(00|\\\\+84|1900|1800).*', '', '^[0-9]{8,16}.*', 'ko'),
	(10308, '10.1.0.213', '10.1.0.22', '2018-03-15 16:56:24', '', '^(00|\\\\+84|1900|1800).*', '', '^[0-9]{8,16}.*', '123455222'),
	(10312, '210.245.26.14', NULL, '2018-03-16 15:09:41', '', '^(00|\\\\+84|1900|1800).*', '', '^[0-9]{8,16}.*', '0888222222'),
	(10314, '210.245.26.14', NULL, '2018-03-16 15:10:45', '', '^(00|\\\\+84|1900|1800).*', '', '^[0-9]{8,16}.*', '0888222222'),
	(10316, '1121', '211212', '2018-03-16 15:55:18', '', '^(00|\\\\+84|1900|1800).*', '', '^[0-9]{8,16}.*', '12121'),
	(10318, '210.245.26.14', NULL, '2018-03-16 16:24:08', '', '^(00|\\\\+84|1900|1800).*', '', '^[0-9]{8,16}.*', '0888222222'),
	(10320, '210.245.26.14', NULL, '2018-03-16 16:27:18', '', '^(00|\\\\+84|1900|1800).*', '', '^[0-9]{8,16}.*', '0888222222'),
	(10324, '210.245.26.14', NULL, '2018-03-16 16:32:02', '', '^(00|\\\\+84|1900|1800).*', '', '^[0-9]{8,16}.*', '0888222222'),
	(10325, '210.245.26.14', NULL, '2018-03-19 15:32:48', '', '^(00|\\\\+84|1900|1800).*', '', '^[0-9]{8,16}.*', '210.245.26.14:5060'),
	(10327, '10.0.0.1', '10.0.0.2', '2018-03-19 15:41:51', '', '^(00|\\\\+84|1900|1800).*', '', '^[0-9]{8,16}.*', '10.0.0.3'),
	(10329, '10.1.0.212', '10.1.0.222', '2018-03-19 15:42:51', '', '^(00|\\\\+84|1900|1800).*', '', '^[0-9]{8,16}.*', '123455222'),
	(10331, '10.1.0.212', '10.1.0.222', '2018-03-19 15:42:51', '', '^(00|\\\\+84|1900|1800).*', '', '^[0-9]{8,16}.*', '123455222'),
	(10333, '10.1.0.212', '10.1.0.222', '2018-03-19 15:42:51', '', '^(00|\\\\+84|1900|1800).*', '', '^[0-9]{8,16}.*', '123455222');
/*!40000 ALTER TABLE `acl` ENABLE KEYS */;

-- Dumping structure for table sbc.cdr_vendors
CREATE TABLE IF NOT EXISTS `cdr_vendors` (
  `id` int(10) unsigned NOT NULL AUTO_INCREMENT,
  `CLI` varchar(64) COLLATE utf8_unicode_ci NOT NULL DEFAULT '',
  `CLD` varchar(64) COLLATE utf8_unicode_ci NOT NULL DEFAULT '',
  `setup_time` datetime NOT NULL,
  `connect_time` datetime DEFAULT NULL,
  `disconnect_time` datetime NOT NULL,
  `disconnect_cause` varchar(64) COLLATE utf8_unicode_ci NOT NULL,
  `from_network_ip` varchar(128) COLLATE utf8_unicode_ci DEFAULT NULL,
  `des_network_ip` varchar(128) COLLATE utf8_unicode_ci DEFAULT NULL,
  `quality_mos` float DEFAULT NULL,
  `quality_largest_jb` float DEFAULT NULL,
  `quality_jitter_burst_rate` float DEFAULT NULL,
  `duration` int(10) NOT NULL DEFAULT '0',
  `i_vendor` int(10) unsigned NOT NULL DEFAULT '0',
  `i_customer` int(10) unsigned NOT NULL,
  `call_id` varchar(128) COLLATE utf8_unicode_ci NOT NULL,
  `charge_status` int(11) DEFAULT '0' COMMENT '0-new, 1-processing, 2-done,-1:error; -2: sent but error',
  PRIMARY KEY (`id`),
  UNIQUE KEY `call_id` (`call_id`),
  KEY `CLI` (`CLI`),
  KEY `CLD` (`CLD`),
  KEY `i_vendor` (`i_vendor`),
  KEY `i_customer` (`i_customer`),
  KEY `charge_status` (`charge_status`,`connect_time`,`i_vendor`),
  KEY `from_network_ip` (`from_network_ip`),
  KEY `setup_time` (`setup_time`)
) ENGINE=InnoDB AUTO_INCREMENT=323 DEFAULT CHARSET=utf8 COLLATE=utf8_unicode_ci;

-- Dumping data for table sbc.cdr_vendors: ~167 rows (approximately)
/*!40000 ALTER TABLE `cdr_vendors` DISABLE KEYS */;
INSERT IGNORE INTO `cdr_vendors` (`id`, `CLI`, `CLD`, `setup_time`, `connect_time`, `disconnect_time`, `disconnect_cause`, `from_network_ip`, `des_network_ip`, `quality_mos`, `quality_largest_jb`, `quality_jitter_burst_rate`, `duration`, `i_vendor`, `i_customer`, `call_id`, `charge_status`) VALUES
	(2, '01626932396', '0968953593', '2018-03-14 02:03:31', '2018-03-14 02:03:43', '2018-03-14 02:04:29', 'NORMAL_CLEARING', '210.245.26.14', '10.50.245.95', 4.5, 2321, 2321, 46, 2, 0, '823b48fe-ee38-41bc-9029-2e2b8d563d3f', 1),
	(4, '968953593', '01626932396', '2018-03-14 02:14:04', '2018-03-14 02:14:06', '2018-03-14 02:14:40', 'NORMAL_CLEARING', '10.50.245.95', '210.245.26.14', 4.5, 1698, 1698, 34, 0, 0, 'fd0ef348-bbd0-4c0d-bcc5-3b2e6a2dfde0', 0),
	(6, '968953593', '01626932396', '2018-03-14 02:15:07', '2018-03-14 02:15:09', '2018-03-14 02:15:12', 'NORMAL_CLEARING', '10.50.245.95', '210.245.26.14', 4.5, 190, 190, 3, 0, 0, 'eb45c0ea-b621-494a-a974-f3fcff99fcf2', 0),
	(8, '968953593', '01626932396', '2018-03-14 02:18:48', '2018-03-14 02:18:50', '2018-03-14 02:18:55', 'NORMAL_CLEARING', '10.50.245.95', '210.245.26.14', 4.5, 216, 216, 5, 0, 0, '611d8a23-fbe9-4354-993c-f238e111f161', 0),
	(10, '968953593', '01626932396', '2018-03-14 02:20:02', '2018-03-14 02:20:04', '2018-03-14 02:20:08', 'NORMAL_CLEARING', '10.50.245.95', '210.245.26.14', 4.5, 218, 218, 4, 0, 0, '78007b0e-b34e-47b6-a363-7deefe0165ca', 0),
	(12, '968953593', '01626932396', '2018-03-14 02:27:23', '2018-03-14 02:27:25', '2018-03-14 02:27:30', 'NORMAL_CLEARING', '10.50.245.95', '210.245.26.14', 4.5, 244, 244, 5, 0, 0, '2eab22d7-4dce-4638-93e8-8bb1109e86ab', 0),
	(14, '976886720', '01626932396', '2018-03-14 08:24:36', '2018-03-14 08:24:38', '2018-03-14 08:24:53', 'NORMAL_CLEARING', '10.50.245.95', '210.245.26.14', 4.5, 717, 717, 15, 0, 0, 'c1ea3487-9799-40ec-a919-d124418514f9', 0),
	(16, '01626932396', '0962510256', '2018-03-14 08:55:48', '2018-03-14 08:55:56', '2018-03-14 08:56:06', 'NORMAL_CLEARING', '210.245.26.14', '10.50.245.95', 4.5, 468, 468, 10, 2, 0, 'e0a441b5-2e2d-40e0-9112-72cb9616ab55', 1),
	(18, '931808868', '01626932396', '2018-03-14 08:56:53', '2018-03-14 08:56:55', '2018-03-14 08:57:12', 'NORMAL_CLEARING', '10.50.245.95', '210.245.26.14', 4.5, 871, 871, 17, 0, 0, '6ce63177-1e36-42e0-96cd-51ac4757873b', 0),
	(20, '962510256', '01626932396', '2018-03-14 08:58:18', '2018-03-14 08:58:20', '2018-03-14 08:58:28', 'NORMAL_CLEARING', '10.50.245.95', '210.245.26.14', 4.5, 397, 397, 8, 0, 0, '56776b32-d6c5-4fd8-80c3-f1a1b227661d', 0),
	(22, '2462928416', '01626932396', '2018-03-14 09:18:41', '2018-03-14 09:18:43', '2018-03-14 09:19:45', 'NORMAL_CLEARING', '10.50.245.95', '210.245.26.14', 4.49, 3090, 3090, 62, 0, 0, '74c94dea-78a5-437e-8275-2465482fe326', 0),
	(24, '01626932396', '0901774143', '2018-03-14 11:22:35', '2018-03-14 11:22:45', '2018-03-14 11:22:52', 'NORMAL_CLEARING', '210.245.26.14', '10.50.245.95', 4.5, 363, 363, 7, 2, 0, 'db0825c2-e032-489e-b5e3-4383fa82204f', 1),
	(26, '901774143', '01626932396', '2018-03-14 11:29:10', '2018-03-14 11:29:12', '2018-03-14 11:30:14', 'NORMAL_CLEARING', '10.50.245.95', '210.245.26.14', 4.49, 3086, 3086, 62, 0, 0, '0a3c0d16-ec5d-4890-bb92-8197630f73be', 0),
	(28, '901774143', '01626932396', '2018-03-14 11:49:46', '2018-03-14 11:49:48', '2018-03-14 11:50:13', 'NORMAL_CLEARING', '10.50.245.95', '210.245.26.14', 4.5, 1267, 1267, 25, 0, 0, 'aeee64d7-a5e1-4779-8b1b-189c528064b4', 0),
	(30, '968953593', '01626932396', '2018-03-14 11:50:49', '2018-03-14 11:50:51', '2018-03-14 11:51:02', 'NORMAL_CLEARING', '10.50.245.95', '210.245.26.14', 4.5, 575, 575, 11, 0, 0, '36b29458-2acf-45f2-8256-376907709bba', 0),
	(32, '901774143', '01626932396', '2018-03-14 11:51:27', '2018-03-14 11:51:29', '2018-03-14 11:52:07', 'NORMAL_CLEARING', '10.50.245.95', '210.245.26.14', 4.5, 1875, 1875, 38, 0, 0, '661ccabc-bfb8-403a-aed7-3e4ce5149c9b', 0),
	(34, '901774143', '01626932396', '2018-03-14 11:52:56', '2018-03-14 11:52:58', '2018-03-14 11:54:00', 'NORMAL_CLEARING', '10.50.245.95', '210.245.26.14', 4.49, 3105, 3105, 62, 0, 0, '2afee20c-830e-47f1-b676-f3d31024bd98', 0),
	(36, '901774143', '01626932396', '2018-03-14 11:55:48', '2018-03-14 11:55:50', '2018-03-14 11:56:22', 'NORMAL_CLEARING', '10.50.245.95', '210.245.26.14', 4.5, 1605, 1605, 32, 0, 0, 'a2fca393-c16f-42c5-8389-07b0d688eb6f', 0),
	(38, '01626932396', '0901774143', '2018-03-14 11:56:30', '2018-03-14 11:56:36', '2018-03-14 11:56:45', 'NORMAL_CLEARING', '210.245.26.14', '10.50.245.95', 4.5, 468, 468, 9, 2, 0, '63076c16-44b2-4584-a27a-39e2dcf3f049', 1),
	(40, '962510256', '01626932396', '2018-03-14 12:25:59', '2018-03-14 12:26:01', '2018-03-14 12:26:11', 'NORMAL_CLEARING', '10.50.245.95', '210.245.26.14', 4.5, 486, 486, 10, 0, 0, '35a72ce9-bad9-4feb-aefc-250ba7673a20', 0),
	(42, '01626932396', '0987785050', '2018-03-14 17:04:23', '2018-03-14 17:04:31', '2018-03-14 17:04:43', 'NORMAL_CLEARING', '210.245.26.14', '10.50.245.95', 4.5, 612, 612, 12, 2, 0, '34a1be9d-ad6e-4323-837f-1b9cc85b910b', 1),
	(44, '2462928416', '01626932396', '2018-03-14 17:05:37', '2018-03-14 17:05:39', '2018-03-14 17:05:48', 'NORMAL_CLEARING', '10.50.245.95', '210.245.26.14', 4.5, 449, 449, 9, 0, 0, '45088590-057c-45d1-9593-5ba5d51b8fa1', 0),
	(46, '2462928416', '01626932396', '2018-03-14 17:06:24', '2018-03-14 17:06:26', '2018-03-14 17:06:28', 'NORMAL_CLEARING', '10.50.245.95', '210.245.26.14', 4.5, 93, 93, 2, 0, 0, '3049dac8-be1b-4999-a22f-5737f15849e9', 0),
	(48, '976886720', '01626932396', '2018-03-14 17:06:52', '2018-03-14 17:06:54', '2018-03-14 17:07:05', 'NORMAL_CLEARING', '10.50.245.95', '210.245.26.14', 4.5, 550, 550, 11, 0, 0, '877239da-d3c2-4fb5-a0df-8059d18dc410', 0),
	(50, '962510256', '01626932396', '2018-03-14 17:38:48', '2018-03-14 17:38:50', '2018-03-14 17:38:56', 'NORMAL_CLEARING', '10.50.245.95', '210.245.26.14', 4.5, 305, 305, 6, 0, 0, '658886ae-a0d2-4d50-8c7d-6b11e7f4881d', 0),
	(52, '968953593', '01626932396', '2018-03-14 17:39:51', '2018-03-14 17:39:53', '2018-03-14 17:40:05', 'NORMAL_CLEARING', '10.50.245.95', '210.245.26.14', 4.5, 604, 604, 12, 0, 0, '3f6f06b4-e7d2-48cb-8eb0-48371a1d6fa0', 0),
	(54, '962510256', '01626932396', '2018-03-15 06:13:58', '2018-03-15 06:14:01', '2018-03-15 06:14:10', 'NORMAL_CLEARING', '10.50.245.95', '210.245.26.14', 4.5, 455, 455, 9, 0, 0, 'f8e667f6-bb90-4940-9cfc-48cf1bb699ed', 0),
	(56, '968953593', '01626932396', '2018-03-15 14:04:09', '2018-03-15 14:04:11', '2018-03-15 14:04:21', 'NORMAL_CLEARING', '10.50.245.95', '210.245.26.14', 4.5, 484, 484, 10, 0, 0, 'da38139f-433c-4216-8384-dbe2095368e9', 0),
	(58, '01626932396', '0968953593', '2018-03-15 14:05:02', '2018-03-15 14:05:09', '2018-03-15 14:05:23', 'NORMAL_CLEARING', '210.245.26.14', '10.50.245.95', 4.5, 677, 677, 14, 2, 0, 'f298082d-704b-48d0-a434-a94b8e05ed65', 1),
	(60, '968953593', '01626932396', '2018-03-15 14:06:50', '2018-03-15 14:06:52', '2018-03-15 14:07:03', 'NORMAL_CLEARING', '10.50.245.95', '210.245.26.14', 4.5, 554, 554, 11, 0, 0, '12d550a8-01f8-4a10-9f51-04f7f345c5d7', 0),
	(62, '987208691', '01626932396', '2018-03-15 14:29:55', '2018-03-15 14:29:57', '2018-03-15 14:30:06', 'NORMAL_CLEARING', '10.50.245.95', '210.245.26.14', 4.5, 479, 479, 9, 0, 0, 'f7ad83db-b94c-4231-a5e3-7ac81f292de9', 0),
	(64, '987208691', '01626932396', '2018-03-15 14:30:35', '2018-03-15 14:30:37', '2018-03-15 14:30:47', 'NORMAL_CLEARING', '10.50.245.95', '210.245.26.14', 4.5, 494, 494, 10, 0, 0, '8186f3ad-993a-4504-b299-4a5252287d66', 0),
	(66, '01626932396', '0987208691', '2018-03-15 14:30:53', '2018-03-15 14:30:59', '2018-03-15 14:31:04', 'NORMAL_CLEARING', '210.245.26.14', '10.50.245.95', 4.5, 256, 256, 5, 2, 0, '8190b8ef-f4cb-4c2c-91ab-68fa6e5f3518', 1),
	(68, '01626932396', '0987208691', '2018-03-15 14:31:07', '2018-03-15 14:31:13', '2018-03-15 14:31:16', 'NORMAL_CLEARING', '210.245.26.14', '10.50.245.95', 4.5, 156, 156, 3, 2, 0, '31f37870-6545-4a3e-a5c4-b850ca1bf01e', 1),
	(70, '01626932396', '0987208691', '2018-03-15 14:31:19', '2018-03-15 14:31:25', '2018-03-15 14:31:26', 'NORMAL_CLEARING', '210.245.26.14', '10.50.245.95', 4.5, 60, 60, 1, 2, 0, 'dd7099d5-743d-42ee-9606-4317865239fe', 1),
	(72, '01626932396', '0987208691', '2018-03-15 14:31:36', '2018-03-15 14:31:41', '2018-03-15 14:31:43', 'NORMAL_CLEARING', '210.245.26.14', '10.50.245.95', 4.5, 55, 55, 2, 2, 0, '9d54474f-f728-4d6e-a7a8-d2942a095e9b', 1),
	(74, '01626932396', '0901774143', '2018-03-15 14:32:05', '2018-03-15 14:32:23', '2018-03-15 14:32:29', 'NORMAL_CLEARING', '210.245.26.14', '10.50.245.95', 4.5, 273, 273, 6, 2, 0, '2c1e6da5-c24c-454e-9a2a-f1eaa05e6684', 1),
	(76, '01626932396', '0901774143', '2018-03-15 14:32:34', '2018-03-15 14:32:40', '2018-03-15 14:32:46', 'NORMAL_CLEARING', '210.245.26.14', '10.50.245.95', 4.5, 318, 318, 6, 2, 0, '54f349b5-bdc3-4dba-be4e-fe18823cb741', 1),
	(78, '01626932396', '0901774143', '2018-03-15 14:32:49', '2018-03-15 14:32:56', '2018-03-15 14:33:01', 'NORMAL_CLEARING', '210.245.26.14', '10.50.245.95', 4.5, 254, 254, 5, 2, 0, '0f34633f-595e-4733-aa30-ece2fe0ccafc', 1),
	(80, '01626932396', '0901774143', '2018-03-15 14:33:04', '2018-03-15 14:33:10', '2018-03-15 14:33:14', 'NORMAL_CLEARING', '210.245.26.14', '10.50.245.95', 4.5, 188, 188, 4, 2, 0, 'cb82c59f-d350-4702-920a-8a5e39c579a6', 1),
	(82, '901774143', '01626932396', '2018-03-15 14:33:29', '2018-03-15 14:33:31', '2018-03-15 14:33:39', 'NORMAL_CLEARING', '10.50.245.95', '210.245.26.14', 4.5, 381, 381, 8, 0, 0, '93c94d81-9a67-472d-bdba-b6b1fe6afa1d', 0),
	(84, '901774143', '01626932396', '2018-03-15 14:33:51', '2018-03-15 14:33:54', '2018-03-15 14:34:00', 'NORMAL_CLEARING', '10.50.245.95', '210.245.26.14', 4.5, 348, 348, 6, 0, 0, '5fa089dd-def1-44ec-81c8-7308080c4022', 0),
	(86, '01626932396', '01698672085', '2018-03-15 20:44:15', '2018-03-15 20:44:34', '2018-03-15 20:45:00', 'NORMAL_CLEARING', '210.245.26.14', '10.50.245.95', 4.5, 1279, 1279, 26, 2, 0, 'ebb1c651-5f9e-4522-a5e9-548a0241293e', 1),
	(88, '969689186', '01626932396', '2018-03-15 22:33:14', '2018-03-15 22:33:16', '2018-03-15 22:33:22', 'NORMAL_CLEARING', '10.50.245.95', '210.245.26.14', 4.5, 266, 266, 6, 0, 0, '4bdb8ed5-1c2c-491c-92b4-4632ec7e9811', 0),
	(90, '969689186', '01626932396', '2018-03-15 22:33:38', '2018-03-15 22:33:40', '2018-03-15 22:33:55', 'NORMAL_CLEARING', '10.50.245.95', '210.245.26.14', 4.5, 723, 723, 15, 0, 0, '747ecc84-d79c-4f2b-a5b0-f13aa53f98b4', 0),
	(92, '969689186', '01626932396', '2018-03-15 22:34:36', '2018-03-15 22:34:38', '2018-03-15 22:34:46', 'NORMAL_CLEARING', '10.50.245.95', '210.245.26.14', 4.5, 385, 385, 8, 0, 0, '461d13e0-3f88-42e6-bb81-e7bfce29b383', 0),
	(94, '969689186', '01626932396', '2018-03-15 22:34:59', '2018-03-15 22:35:01', '2018-03-15 22:35:04', 'NORMAL_CLEARING', '10.50.245.95', '210.245.26.14', 4.5, 137, 137, 3, 0, 0, 'd0375f08-9450-489e-8d42-7a36aff0679b', 0),
	(96, '969689186', '01626932396', '2018-03-15 22:35:11', '2018-03-15 22:35:13', '2018-03-15 22:35:25', 'NORMAL_CLEARING', '10.50.245.95', '210.245.26.14', 4.5, 629, 629, 12, 0, 0, '475cf375-eaed-4591-b0b1-1ca10c12e2de', 0),
	(98, '969689186', '01626932396', '2018-03-15 22:35:34', '2018-03-15 22:35:36', '2018-03-15 22:35:38', 'NORMAL_CLEARING', '10.50.245.95', '210.245.26.14', 4.5, 112, 112, 2, 0, 0, '530ed083-2f02-410d-b6f3-3a419b1487b1', 0),
	(100, '969689186', '01626932396', '2018-03-15 22:35:44', '2018-03-15 22:35:46', '2018-03-15 22:35:48', 'NORMAL_CLEARING', '10.50.245.95', '210.245.26.14', 4.5, 116, 116, 2, 0, 0, '55af2bbd-933d-4d0d-bc08-a593a2aa30e5', 0),
	(102, '01626932396', '02839505060', '2018-03-16 09:37:10', '2018-03-16 09:37:12', '2018-03-16 09:37:35', 'NORMAL_CLEARING', '210.245.26.14', '10.50.245.95', 4.5, 1160, 1160, 23, 2, 0, 'd69c7393-aefb-4165-ba93-2ac658dacb7a', 1),
	(104, '01626932396', '02838116812', '2018-03-16 09:43:26', '2018-03-16 09:43:32', '2018-03-16 09:43:46', 'NORMAL_CLEARING', '210.245.26.14', '10.50.245.95', 4.5, 730, 730, 14, 2, 0, '56ea9b12-be84-46a0-8e82-b3b00f709672', 1),
	(106, '01626932396', '02543624459', '2018-03-16 09:44:13', '2018-03-16 09:44:16', '2018-03-16 09:44:28', 'NORMAL_CLEARING', '210.245.26.14', '10.50.245.95', 4.5, 590, 590, 12, 2, 0, '9fca8c69-a368-4112-9339-2b9898d89b1c', 1),
	(108, '01626932396', '0913868055', '2018-03-16 10:01:57', '2018-03-16 10:02:11', '2018-03-16 10:02:30', 'NORMAL_CLEARING', '210.245.26.14', '10.50.245.95', 4.5, 980, 980, 19, 2, 0, '5b05a121-d39b-45bd-b8bd-e076ea62e59b', 1),
	(110, '913868055', '01626932396', '2018-03-16 10:03:00', '2018-03-16 10:03:02', '2018-03-16 10:03:41', 'NORMAL_CLEARING', '10.50.245.95', '210.245.26.14', 4.49, 1928, 1928, 39, 0, 0, 'dcf12c3d-a68f-41e3-8350-a0ad2f856eab', 0),
	(112, '01626932396', '0901774143', '2018-03-16 10:03:58', '2018-03-16 10:04:07', '2018-03-16 10:04:14', 'NORMAL_CLEARING', '210.245.26.14', '10.50.245.95', 4.5, 349, 349, 7, 2, 0, '73e827f2-2827-4c61-8208-50b932d57b00', 1),
	(114, '01626932396', '02473002222', '2018-03-16 10:09:27', '2018-03-16 10:09:28', '2018-03-16 10:09:43', 'NORMAL_CLEARING', '210.245.26.14', '10.50.245.95', 4.5, 747, 747, 15, 2, 0, 'e4bf542d-03d8-448e-bbfd-9fca481c9157', 1),
	(116, '936000846', '01626932396', '2018-03-16 10:14:18', '2018-03-16 10:14:20', '2018-03-16 10:14:32', 'NORMAL_CLEARING', '10.50.245.95', '210.245.26.14', 4.5, 577, 577, 12, 0, 0, '4091919b-db2c-42ec-95d6-98af71845a55', 0),
	(118, '936000846', '01626932396', '2018-03-16 10:15:56', '2018-03-16 10:15:58', '2018-03-16 10:16:10', 'NORMAL_CLEARING', '10.50.245.95', '210.245.26.14', 4.5, 600, 600, 12, 0, 0, '49bc6bb7-66a0-4fb7-9ae2-9ecb3cb7a630', 0),
	(120, '983914980', '01626932396', '2018-03-16 15:57:57', '2018-03-16 15:57:59', '2018-03-16 15:58:07', 'NORMAL_CLEARING', '10.50.245.95', '210.245.26.14', 4.49, 381, 381, 8, 0, 0, 'd77ad20f-d6b5-4d02-8cf3-fdfc8d48900a', 0),
	(122, '983914980', '01626932396', '2018-03-16 16:08:26', '2018-03-16 16:08:28', '2018-03-16 16:08:30', 'NORMAL_CLEARING', '10.50.245.95', '210.245.26.14', 4.5, 123, 123, 2, 0, 0, '3c8bae59-0e04-4e58-ae17-3b4560e7d615', 0),
	(124, '983914980', '01626932396', '2018-03-16 16:18:46', '2018-03-16 16:18:48', '2018-03-16 16:18:50', 'NORMAL_CLEARING', '10.50.245.95', '210.245.26.14', 4.5, 138, 138, 2, 0, 0, '8d5f8b9c-34ce-49f3-a892-c5472dd0acab', 0),
	(126, '983914980', '01626932396', '2018-03-16 16:22:56', '2018-03-16 16:22:58', '2018-03-16 16:23:01', 'NORMAL_CLEARING', '10.50.245.95', '210.245.26.14', 4.5, 170, 170, 3, 0, 0, '382dba07-9e96-4833-ab02-0ca158a4fb35', 0),
	(128, '983914980', '01626932396', '2018-03-16 16:28:08', '2018-03-16 16:28:10', '2018-03-16 16:28:12', 'NORMAL_CLEARING', '10.50.245.95', '210.245.26.14', 4.47, 129, 129, 2, 0, 0, '7c049f39-4407-40c0-bfd6-8b1b5639f741', 0),
	(130, '983914980', '01626932396', '2018-03-16 16:49:36', '2018-03-16 16:49:38', '2018-03-16 16:49:40', 'NORMAL_CLEARING', '10.50.245.95', '210.245.26.14', 4.5, 88, 88, 2, 0, 0, '85c7054d-4174-4cc2-a0cd-fa660345d58a', 0),
	(132, '983914980', '01626932396', '2018-03-16 17:00:58', '2018-03-16 17:01:00', '2018-03-16 17:01:06', 'NORMAL_CLEARING', '10.50.245.95', '210.245.26.14', 4.5, 307, 307, 6, 0, 0, 'd1197c24-f1f2-46fc-b8e7-8d97fcc12e7c', 0),
	(134, '983914980', '01626932396', '2018-03-17 06:58:58', '2018-03-17 06:59:00', '2018-03-17 06:59:10', 'NORMAL_CLEARING', '10.50.245.95', '210.245.26.14', 4.5, 513, 513, 10, 0, 0, 'ebf820ff-f406-493c-8df0-4a55f9dcaa5d', 0),
	(136, '01626932396', '0908495911', '2018-03-17 11:50:50', '2018-03-17 11:50:56', '2018-03-17 11:50:57', 'NORMAL_CLEARING', '210.245.26.14', '10.50.245.95', 4.5, 25, 25, 1, 2, 0, '6e7b7390-4815-4983-86a5-2cfc30be3d79', 1),
	(138, '01626932396', '0931808868', '2018-03-18 22:19:57', '2018-03-18 22:20:04', '2018-03-18 22:20:09', 'NORMAL_CLEARING', '210.245.26.14', '10.50.245.95', 4.5, 239, 239, 5, 2, 0, 'a1b7bd7a-4159-401a-ba0f-1b2f76e69f18', 0),
	(140, '986391368', '01626932396', '2018-03-19 11:07:19', '2018-03-19 11:07:21', '2018-03-19 11:07:33', 'NORMAL_CLEARING', '10.50.245.95', '210.245.26.14', 4.5, 584, 584, 12, 0, 0, '57a2ff7f-923e-4bd1-a71b-34c37e6b3333', 0),
	(142, '986391368', '01626932396', '2018-03-19 11:08:17', '2018-03-19 11:08:19', '2018-03-19 11:08:31', 'NORMAL_CLEARING', '10.50.245.95', '210.245.26.14', 4.5, 615, 615, 12, 0, 0, '8d3e29d9-03f0-4867-ab09-433c9cbbe7b4', 0),
	(144, '986391368', '01626932396', '2018-03-19 11:08:47', '2018-03-19 11:08:49', '2018-03-19 11:08:53', 'NORMAL_CLEARING', '10.50.245.95', '210.245.26.14', 4.5, 161, 161, 4, 0, 0, '1c4835c7-2d2a-404b-a326-67119933034e', 0),
	(146, '1637792322', '01626932396', '2018-03-19 11:10:41', '2018-03-19 11:10:43', '2018-03-19 11:10:47', 'NORMAL_CLEARING', '10.50.245.95', '210.245.26.14', 4.5, 199, 199, 4, 0, 0, 'c219c72b-c74e-4639-b7c5-4b8e5a8f0d0b', 0),
	(148, '1637792322', '01626932396', '2018-03-19 11:12:56', '2018-03-19 11:12:58', '2018-03-19 11:13:00', 'NORMAL_CLEARING', '10.50.245.95', '210.245.26.14', 4.5, 100, 100, 2, 0, 0, 'eaea6020-f53f-48a0-907f-6a7322971e2c', 0),
	(150, '1637792322', '01626932396', '2018-03-19 11:15:47', '2018-03-19 11:15:49', '2018-03-19 11:15:51', 'NORMAL_CLEARING', '10.50.245.95', '210.245.26.14', 4.5, 111, 111, 2, 0, 0, 'ac635cfc-82b8-47a5-83a0-7a50e44ee202', 0),
	(152, '1637792322', '01626932396', '2018-03-19 11:19:45', '2018-03-19 11:19:47', '2018-03-19 11:19:51', 'NORMAL_CLEARING', '10.50.245.95', '210.245.26.14', 4.5, 182, 182, 4, 0, 0, 'fc9d6045-75d7-4b02-bf4e-8f405879e01a', 0),
	(154, '1637792322', '01626932396', '2018-03-19 11:21:11', '2018-03-19 11:21:13', '2018-03-19 11:21:14', 'NORMAL_CLEARING', '10.50.245.95', '210.245.26.14', 4.5, 91, 91, 1, 0, 0, '897ffe35-07fb-49f6-aa43-e8a9f2dd0496', 0),
	(156, '1637792322', '01626932396', '2018-03-19 11:21:53', '2018-03-19 11:21:55', '2018-03-19 11:21:58', 'NORMAL_CLEARING', '10.50.245.95', '210.245.26.14', 4.5, 132, 132, 3, 0, 0, '41e522a1-dda7-49a0-9f5d-177e335433c7', 0),
	(158, '1637792322', '01626932396', '2018-03-19 11:23:20', '2018-03-19 11:23:22', '2018-03-19 11:23:32', 'NORMAL_CLEARING', '10.50.245.95', '210.245.26.14', 4.5, 514, 514, 10, 0, 0, 'a8cbfe5c-a5f0-4b5f-9284-c82479bfeb69', 0),
	(160, '1637792322', '01626932396', '2018-03-19 11:23:49', '2018-03-19 11:23:51', '2018-03-19 11:23:55', 'NORMAL_CLEARING', '10.50.245.95', '210.245.26.14', 4.5, 187, 187, 4, 0, 0, '495fa2e7-4bb6-4aea-ad65-07205622a8d9', 0),
	(162, '1637792322', '01626932396', '2018-03-19 11:38:27', '2018-03-19 11:38:29', '2018-03-19 11:38:38', 'NORMAL_CLEARING', '10.50.245.95', '210.245.26.14', 4.5, 440, 440, 9, 0, 0, '56c199dd-20e7-4ab2-be98-67052d2cf0f4', 0),
	(164, '01626932396', '0968953593', '2018-03-19 12:10:45', '2018-03-19 12:10:51', '2018-03-19 12:10:53', 'NORMAL_CLEARING', '210.245.26.14', '10.50.245.95', 4.5, 87, 87, 2, 2, 0, '9f39b0d6-621d-4c6f-bfda-2c944c113389', 0),
	(166, '968953593', '01626932396', '2018-03-19 13:01:59', '2018-03-19 13:02:01', '2018-03-19 13:02:07', 'NORMAL_CLEARING', '10.50.245.95', '210.245.26.14', 4.5, 282, 282, 6, 0, 0, '21779bb0-3b26-4c7c-85df-345e4a4b3407', 0),
	(168, '968953593', '01626932396', '2018-03-19 13:02:21', '2018-03-19 13:02:23', '2018-03-19 13:02:26', 'NORMAL_CLEARING', '10.50.245.95', '210.245.26.14', 4.5, 169, 169, 3, 0, 0, '8adf295c-f076-4491-b1c8-6d8d8f83503e', 0),
	(170, '936000846', '01626932396', '2018-03-19 13:43:17', '2018-03-19 13:43:19', '2018-03-19 13:43:31', 'NORMAL_CLEARING', '10.50.245.95', '210.245.26.14', 4.5, 589, 589, 12, 0, 0, '62773131-7f63-4e9e-b83e-13d41852b048', 0),
	(172, '936000846', '01626932396', '2018-03-19 13:43:39', '2018-03-19 13:43:41', '2018-03-19 13:43:49', 'NORMAL_CLEARING', '10.50.245.95', '210.245.26.14', 4.5, 383, 383, 8, 0, 0, '49201eba-f4ba-4d64-be80-98e6b7f9adc2', 0),
	(174, '936000846', '01626932396', '2018-03-19 13:44:05', '2018-03-19 13:44:07', '2018-03-19 13:44:12', 'NORMAL_CLEARING', '10.50.245.95', '210.245.26.14', 4.5, 231, 231, 5, 0, 0, '81301895-e81d-4257-8d00-91abd1a2bd0e', 0),
	(176, '936000846', '01626932396', '2018-03-19 13:44:29', '2018-03-19 13:44:31', '2018-03-19 13:44:34', 'NORMAL_CLEARING', '10.50.245.95', '210.245.26.14', 4.5, 167, 167, 3, 0, 0, '91f8e23d-9cf7-4805-a819-4f0a3b877d3a', 0),
	(178, '936000846', '01626932396', '2018-03-19 13:44:48', '2018-03-19 13:44:50', '2018-03-19 13:44:58', 'NORMAL_CLEARING', '10.50.245.95', '210.245.26.14', 4.5, 376, 376, 8, 0, 0, 'a8fbde9c-0348-4297-bd47-901131ee839c', 0),
	(180, '936000846', '01626932396', '2018-03-19 13:45:28', '2018-03-19 13:45:30', '2018-03-19 13:45:32', 'NORMAL_CLEARING', '10.50.245.95', '210.245.26.14', 4.5, 99, 99, 2, 0, 0, 'd82e4429-925f-42f0-a25e-add7dd7d3302', 0),
	(181, '936000846', '01626932396', '2018-03-19 13:54:44', '2018-03-19 13:54:47', '2018-03-19 13:54:57', 'NORMAL_CLEARING', '10.50.245.95', '210.245.26.14', 4.5, 526, 526, 10, 0, 0, '4808ea0c-3a95-42d7-bedc-c05e134becac', 0),
	(182, '936000846', '01626932396', '2018-03-19 13:59:00', '2018-03-19 13:59:02', '2018-03-19 13:59:10', 'NORMAL_CLEARING', '10.50.245.95', '210.245.26.14', 4.5, 406, 406, 8, 0, 0, '8a42ffdc-bd07-4159-b868-a1250aa50692', 0),
	(183, '968953593', '01626932396', '2018-03-19 14:01:00', '2018-03-19 14:01:02', '2018-03-19 14:01:08', 'NORMAL_CLEARING', '10.50.245.95', '210.245.26.14', 4.5, 287, 287, 6, 0, 0, '8516fedc-7771-4c7f-a116-51fc64bd17e6', 0),
	(184, '983048222', '01626932396', '2018-03-19 14:02:44', '2018-03-19 14:02:46', '2018-03-19 14:02:53', 'NORMAL_CLEARING', '10.50.245.95', '210.245.26.14', 4.49, 343, 343, 7, 0, 0, 'f12a361a-1855-4a13-a6f0-880e8651e7a7', 0),
	(185, '983048222', '01626932396', '2018-03-19 14:22:48', '2018-03-19 14:22:50', '2018-03-19 14:22:54', 'NORMAL_CLEARING', '10.50.245.95', '210.245.26.14', 4.5, 189, 189, 4, 0, 0, '4cdea727-8328-4b6b-ad3e-b07ed8be66bf', 0),
	(186, '968953593', '01626932396', '2018-03-19 14:26:35', '2018-03-19 14:26:37', '2018-03-19 14:26:47', 'NORMAL_CLEARING', '10.50.245.95', '210.245.26.14', 4.5, 510, 510, 10, 0, 0, 'a3ec5a7d-a199-4758-90cb-a52b7a5c2cd3', 0),
	(188, '983048222', '01626932396', '2018-03-19 14:26:57', '2018-03-19 14:26:59', '2018-03-19 14:27:03', 'NORMAL_CLEARING', '10.50.245.95', '210.245.26.14', 4.5, 171, 171, 4, 0, 0, '1b2cac93-62db-453b-8acc-1888ac1193cf', 0),
	(189, '968953593', '01626932396', '2018-03-19 14:26:54', '2018-03-19 14:26:56', '2018-03-19 14:27:08', 'NORMAL_CLEARING', '10.50.245.95', '210.245.26.14', 4.5, 591, 591, 12, 0, 0, '30d00bbe-a7a4-45bc-95c8-add26b9b296a', 0),
	(191, '983048222', '01626932396', '2018-03-19 14:27:13', '2018-03-19 14:27:15', '2018-03-19 14:27:18', 'NORMAL_CLEARING', '10.50.245.95', '210.245.26.14', 4.5, 151, 151, 3, 0, 0, '613ac5ba-1906-4153-8a2e-28455f9485aa', 0),
	(192, '983914980', '01626932396', '2018-03-19 14:28:00', '2018-03-19 14:28:02', '2018-03-19 14:28:06', 'NORMAL_CLEARING', '10.50.245.95', '210.245.26.14', 4.49, 200, 200, 4, 0, 0, '512c03b8-864e-4f04-8faf-9cd0e421ef79', 0),
	(194, '983048222', '01626932396', '2018-03-19 14:28:32', '2018-03-19 14:28:34', '2018-03-19 14:28:37', 'NORMAL_CLEARING', '10.50.245.95', '210.245.26.14', 4.5, 143, 143, 3, 0, 0, 'acba7bee-8323-4944-82b7-91e52451e24b', 0),
	(195, '968953593', '01626932396', '2018-03-19 14:28:29', '2018-03-19 14:28:31', '2018-03-19 14:28:37', 'NORMAL_CLEARING', '10.50.245.95', '210.245.26.14', 4.48, 301, 301, 6, 0, 0, '407e3b1d-f87f-4d6d-80eb-edde464ded7a', 0),
	(197, '968953593', '01626932396', '2018-03-19 15:00:08', '2018-03-19 15:00:10', '2018-03-19 15:00:14', 'NORMAL_CLEARING', '10.50.245.95', '210.245.26.14', 4.5, 215, 215, 4, 0, 0, 'c6abf040-84f8-498c-a07d-440431f18fb7', 0),
	(199, '968953593', '01626932396', '2018-03-19 15:00:40', '2018-03-19 15:00:42', '2018-03-19 15:00:45', 'NORMAL_CLEARING', '10.50.245.95', '210.245.26.14', 4.5, 180, 180, 3, 0, 0, 'a44b907e-d557-4979-a6fd-acc8eec48a82', 0),
	(200, '968953593', '01626932396', '2018-03-19 15:02:30', '2018-03-19 15:02:32', '2018-03-19 15:02:38', 'NORMAL_CLEARING', '10.50.245.95', '210.245.26.14', 4.48, 271, 271, 6, 0, 0, '11eeaa3a-398e-4985-a299-9e6d265becf4', 0),
	(201, '968953593', '01626932396', '2018-03-19 15:02:49', '2018-03-19 15:02:51', '2018-03-19 15:02:55', 'NORMAL_CLEARING', '10.50.245.95', '210.245.26.14', 4.49, 229, 229, 4, 0, 0, '60b2462b-cad0-43c7-a9a4-a3dd0b2e62b6', 0),
	(202, '197', '01626932396', '2018-03-19 15:07:58', '2018-03-19 15:08:00', '2018-03-19 15:09:02', 'NORMAL_CLEARING', '10.50.245.95', '210.245.26.14', 4.49, 3092, 3092, 62, 0, 0, 'f8f61511-aa0c-46e8-9c96-b6902c5ed3df', 0),
	(204, '983048222', '01626932396', '2018-03-19 15:27:23', '2018-03-19 15:27:25', '2018-03-19 15:27:27', 'NORMAL_CLEARING', '10.50.245.96', '210.245.26.14', 4.5, 124, 124, 2, 0, 0, 'adf7bb0e-8807-41e6-ae31-7f7c2e8fe06b', 0),
	(206, '983048222', '01626932396', '2018-03-19 15:27:42', '2018-03-19 15:27:44', '2018-03-19 15:27:49', 'NORMAL_CLEARING', '10.50.245.95', '210.245.26.14', 4.49, 248, 248, 5, 0, 0, '94065b20-c2da-4b63-88ec-a69eabd0cc99', 0),
	(208, '983048222', '01626932396', '2018-03-19 15:27:55', '2018-03-19 15:27:57', '2018-03-19 15:28:00', 'NORMAL_CLEARING', '10.50.245.96', '210.245.26.14', 4.49, 135, 135, 3, 0, 0, '8b920a74-42ca-4277-8e63-0f9aeeb59f27', 0),
	(210, '936000846', '01626932396', '2018-03-19 15:33:55', '2018-03-19 15:33:57', '2018-03-19 15:34:05', 'NORMAL_CLEARING', '10.50.245.95', '210.245.26.14', 4.5, 403, 403, 8, 0, 0, '35e9de86-2efb-4889-986f-826249a08f86', 0),
	(212, '936000846', '01626932396', '2018-03-19 15:34:23', '2018-03-19 15:34:25', '2018-03-19 15:34:28', 'NORMAL_CLEARING', '10.50.245.95', '210.245.26.14', 4.5, 162, 162, 3, 0, 0, '9463413b-a8cb-4f8b-90c4-3fd5cbde8d0f', 0),
	(214, '936000846', '01626932396', '2018-03-19 15:34:48', '2018-03-19 15:34:50', '2018-03-19 15:34:56', 'NORMAL_CLEARING', '10.50.245.95', '210.245.26.14', 4.5, 272, 272, 6, 0, 0, 'b12deb29-ea26-4fcc-860e-85d3794bb9bd', 0),
	(216, '936000846', '01626932396', '2018-03-19 15:35:14', '2018-03-19 15:35:16', '2018-03-19 15:35:37', 'NORMAL_CLEARING', '10.50.245.96', '210.245.26.14', 4.5, 1050, 1050, 21, 0, 0, '35ae68b6-1163-4f63-ab03-1e8008c025d5', 0),
	(218, '936000846', '01626932396', '2018-03-19 15:35:50', '2018-03-19 15:35:52', '2018-03-19 15:36:00', 'NORMAL_CLEARING', '10.50.245.96', '210.245.26.14', 4.5, 362, 362, 8, 0, 0, '2d1fb7ef-717a-4408-9da7-acfc5ea3d47a', 0),
	(220, '936000846', '01626932396', '2018-03-19 15:36:07', '2018-03-19 15:36:09', '2018-03-19 15:36:16', 'NORMAL_CLEARING', '10.50.245.95', '210.245.26.14', 4.5, 330, 330, 7, 0, 0, '60a69a55-37c5-4a42-b87c-2ff0fe21ae7d', 0),
	(222, '936000846', '01626932396', '2018-03-19 15:36:38', '2018-03-19 15:36:40', '2018-03-19 15:36:43', 'NORMAL_CLEARING', '10.50.245.95', '210.245.26.14', 4.5, 177, 177, 3, 0, 0, 'f817c141-fce8-4ba3-bda2-7c69b54ca069', 0),
	(224, '936000846', '01626932396', '2018-03-19 15:36:53', '2018-03-19 15:36:56', '2018-03-19 15:36:58', 'NORMAL_CLEARING', '10.50.245.95', '210.245.26.14', 4.5, 141, 141, 2, 0, 0, '4df37d9b-62f4-4799-843d-2077c849859d', 0),
	(226, '936000846', '01626932396', '2018-03-19 15:37:13', '2018-03-19 15:37:15', '2018-03-19 15:37:18', 'NORMAL_CLEARING', '10.50.245.96', '210.245.26.14', 4.5, 139, 139, 3, 0, 0, '4740201d-a4e2-4c31-a96d-609f0d8c88fa', 0),
	(228, '936000846', '01626932396', '2018-03-19 15:37:25', '2018-03-19 15:37:27', '2018-03-19 15:37:30', 'NORMAL_CLEARING', '10.50.245.95', '210.245.26.14', 4.49, 168, 168, 3, 0, 0, '9e10b908-d718-493c-8d79-c6d64ff8cd6f', 0),
	(230, '936000846', '01626932396', '2018-03-19 15:37:47', '2018-03-19 15:37:49', '2018-03-19 15:37:56', 'NORMAL_CLEARING', '10.50.245.95', '210.245.26.14', 4.5, 314, 314, 7, 0, 0, 'c24f47ec-8b43-43e3-8cf3-33f0eaf5bcfa', 0),
	(232, '936000846', '01626932396', '2018-03-19 15:38:25', '2018-03-19 15:38:27', '2018-03-19 15:38:31', 'NORMAL_CLEARING', '10.50.245.96', '210.245.26.14', 4.49, 193, 193, 4, 0, 0, 'dd97b6ef-4c31-4c84-bdc1-b2242bca8495', 0),
	(234, '936000846', '01626932396', '2018-03-19 15:38:49', '2018-03-19 15:38:51', '2018-03-19 15:38:56', 'NORMAL_CLEARING', '10.50.245.95', '210.245.26.14', 4.5, 257, 257, 5, 0, 0, 'c375ce5d-c12a-4baa-8e22-51da3e87a1df', 0),
	(236, '936000846', '01626932396', '2018-03-19 15:39:40', '2018-03-19 15:39:42', '2018-03-19 15:39:48', 'NORMAL_CLEARING', '10.50.245.95', '210.245.26.14', 4.5, 291, 291, 6, 0, 0, '9c5e47b5-5b40-46b6-a25b-52d74634636e', 0),
	(238, '936000846', '01626932396', '2018-03-19 15:39:58', '2018-03-19 15:40:00', '2018-03-19 15:40:06', 'NORMAL_CLEARING', '10.50.245.95', '210.245.26.14', 4.5, 308, 308, 6, 0, 0, '83722aec-6880-481c-87d3-0959a6558ad1', 0),
	(240, '0936000846', '01626932396', '2018-03-19 15:40:18', '2018-03-19 15:40:20', '2018-03-19 15:40:41', 'NORMAL_CLEARING', '10.50.245.95', '210.245.26.14', 4.5, 1013, 1013, 21, 0, 0, 'ab985e51-a989-4daf-8b5a-654b68d5289a', 0),
	(242, '0936000846', '01626932396', '2018-03-19 15:40:19', '2018-03-19 15:40:21', '2018-03-19 15:40:42', 'NORMAL_CLEARING', '10.50.245.95', '210.245.26.14', 4.5, 1015, 1015, 21, 0, 0, '27a68ab4-5647-489e-92e0-2b423bd9bca5', 0),
	(244, '886577222', '01626932396', '2018-03-19 15:43:35', '2018-03-19 15:43:37', '2018-03-19 15:43:41', 'NORMAL_CLEARING', '10.50.245.96', '210.245.26.14', 4.5, 214, 214, 4, 0, 0, '7054f570-acf6-4376-8658-060ded677c65', 0),
	(246, '886577222', '01626932396', '2018-03-19 15:44:56', '2018-03-19 15:44:58', '2018-03-19 15:45:05', 'NORMAL_CLEARING', '10.50.245.96', '210.245.26.14', 4.5, 311, 311, 7, 0, 0, '8a3b73f0-188e-49df-ad5b-7b9d5c357289', 0),
	(248, '886577222', '01626932396', '2018-03-19 15:45:17', '2018-03-19 15:45:19', '2018-03-19 15:45:23', 'NORMAL_CLEARING', '10.50.245.96', '210.245.26.14', 4.5, 213, 213, 4, 0, 0, 'd1a7fd8b-1323-4b2d-9f5b-c5e61701098b', 0),
	(250, '886577222', '01626932396', '2018-03-19 15:45:59', '2018-03-19 15:46:01', '2018-03-19 15:46:04', 'NORMAL_CLEARING', '10.50.245.95', '210.245.26.14', 4.5, 140, 140, 3, 0, 0, 'b5c7c9ee-17cc-4712-827b-53911af23ff1', 0),
	(252, '886577222', '01626932396', '2018-03-19 15:46:14', '2018-03-19 15:46:16', '2018-03-19 15:46:19', 'NORMAL_CLEARING', '10.50.245.95', '210.245.26.14', 4.5, 129, 129, 3, 0, 0, '831a3772-8b84-4339-8fb9-0148e0807542', 0),
	(254, '886577222', '01626932396', '2018-03-19 15:46:30', '2018-03-19 15:46:32', '2018-03-19 15:46:36', 'NORMAL_CLEARING', '10.50.245.96', '210.245.26.14', 4.5, 179, 179, 4, 0, 0, '2260bb9d-9a9a-46fb-8bef-9ee283767370', 0),
	(256, '886577222', '01626932396', '2018-03-19 15:46:47', '2018-03-19 15:46:49', '2018-03-19 15:46:54', 'NORMAL_CLEARING', '10.50.245.95', '210.245.26.14', 4.5, 275, 275, 5, 0, 0, '57c935bb-e610-49c8-a821-5f1f278529a2', 0),
	(258, '886577222', '01626932396', '2018-03-19 15:47:07', '2018-03-19 15:47:09', '2018-03-19 15:47:14', 'NORMAL_CLEARING', '10.50.245.95', '210.245.26.14', 4.5, 242, 242, 5, 0, 0, 'f8d57e8b-9809-423f-a6d7-42ca9c47f605', 0),
	(260, '886577222', '01626932396', '2018-03-19 15:47:23', '2018-03-19 15:47:25', '2018-03-19 15:47:28', 'NORMAL_CLEARING', '10.50.245.95', '210.245.26.14', 4.5, 169, 169, 3, 0, 0, '4176ee9b-abf9-4f80-8799-d0672c228441', 0),
	(262, '886577222', '01626932396', '2018-03-19 15:47:38', '2018-03-19 15:47:40', '2018-03-19 15:47:44', 'NORMAL_CLEARING', '10.50.245.96', '210.245.26.14', 4.5, 187, 187, 4, 0, 0, '5d3f2233-212e-42a0-b5ff-06083c4d671c', 0),
	(264, '886577222', '01626932396', '2018-03-19 15:47:54', '2018-03-19 15:47:56', '2018-03-19 15:47:58', 'NORMAL_CLEARING', '10.50.245.96', '210.245.26.14', 4.5, 128, 128, 2, 0, 0, 'ad8939ac-cea8-4e3a-8f32-19aaf04e07bd', 0),
	(266, '886577222', '01626932396', '2018-03-19 15:48:08', '2018-03-19 15:48:10', '2018-03-19 15:48:13', 'NORMAL_CLEARING', '10.50.245.95', '210.245.26.14', 4.5, 175, 175, 3, 0, 0, 'af92688b-0658-4dda-bbb5-9a59d7926b9c', 0),
	(268, '886577222', '01626932396', '2018-03-19 15:48:23', '2018-03-19 15:48:25', '2018-03-19 15:48:28', 'NORMAL_CLEARING', '10.50.245.96', '210.245.26.14', 4.5, 107, 107, 3, 0, 0, '120a42fa-0bda-49ef-a39e-49bdc9be4a4b', 0),
	(270, '886577222', '01626932396', '2018-03-19 15:49:17', '2018-03-19 15:49:19', '2018-03-19 15:49:22', 'NORMAL_CLEARING', '10.50.245.95', '210.245.26.14', 4.5, 177, 177, 3, 0, 0, '7aed108e-161d-4453-a99f-8477255368f1', 0),
	(272, '886577222', '01626932396', '2018-03-19 15:49:32', '2018-03-19 15:49:34', '2018-03-19 15:49:37', 'NORMAL_CLEARING', '10.50.245.96', '210.245.26.14', 4.49, 129, 129, 3, 0, 0, 'eb8c7b17-d047-4ea9-b77a-1dfe2b3002e8', 0),
	(274, '886577222', '01626932396', '2018-03-19 15:49:48', '2018-03-19 15:49:50', '2018-03-19 15:50:00', 'NORMAL_CLEARING', '10.50.245.96', '210.245.26.14', 4.5, 487, 487, 10, 0, 0, 'b0751cfc-f038-456f-a1a0-ed9abf0ba1a8', 0),
	(276, '886577222', '01626932396', '2018-03-19 15:50:18', '2018-03-19 15:50:20', '2018-03-19 15:50:23', 'NORMAL_CLEARING', '10.50.245.95', '210.245.26.14', 4.5, 116, 116, 3, 0, 0, '36f6cf43-8c46-4876-89ee-ba249b99a3fe', 0),
	(278, '886577222', '01626932396', '2018-03-19 15:50:32', '2018-03-19 15:50:34', '2018-03-19 15:50:37', 'NORMAL_CLEARING', '10.50.245.95', '210.245.26.14', 4.5, 151, 151, 3, 0, 0, 'bc7c9023-abe8-4d0a-92a6-f5bb6bb39099', 0),
	(280, '886577222', '01626932396', '2018-03-19 15:50:48', '2018-03-19 15:50:50', '2018-03-19 15:50:54', 'NORMAL_CLEARING', '10.50.245.95', '210.245.26.14', 4.5, 201, 201, 4, 0, 0, '6b6f9873-619e-43fe-92d1-e65d51372c90', 0),
	(282, '886577222', '01626932396', '2018-03-19 15:51:03', '2018-03-19 15:51:05', '2018-03-19 15:51:14', 'NORMAL_CLEARING', '10.50.245.95', '210.245.26.14', 4.5, 438, 438, 9, 0, 0, 'c6a686eb-1d9d-4c4a-9b82-4f2a93792361', 0),
	(284, '886577222', '01626932396', '2018-03-19 15:51:25', '2018-03-19 15:51:27', '2018-03-19 15:51:30', 'NORMAL_CLEARING', '10.50.245.96', '210.245.26.14', 4.5, 181, 181, 3, 0, 0, '06db986e-ddb8-4f6a-8ddf-973758172f01', 0),
	(286, '886577222', '01626932396', '2018-03-19 15:51:40', '2018-03-19 15:51:42', '2018-03-19 15:51:47', 'NORMAL_CLEARING', '10.50.245.96', '210.245.26.14', 4.5, 232, 232, 5, 0, 0, 'aa0761f9-3fab-4b85-a9f9-483cc1f8402d', 0),
	(288, '886577222', '01626932396', '2018-03-19 15:51:57', '2018-03-19 15:51:59', '2018-03-19 15:52:01', 'NORMAL_CLEARING', '10.50.245.95', '210.245.26.14', 4.49, 120, 120, 2, 0, 0, 'e4fe7dd2-29b1-413f-aab2-8f215abe164a', 0),
	(290, '886577222', '01626932396', '2018-03-19 15:52:09', '2018-03-19 15:52:11', '2018-03-19 15:52:15', 'NORMAL_CLEARING', '10.50.245.95', '210.245.26.14', 4.5, 173, 173, 4, 0, 0, '407408e4-c128-46da-8748-ab56af312246', 0),
	(292, '886577222', '01626932396', '2018-03-19 15:52:24', '2018-03-19 15:52:26', '2018-03-19 15:52:28', 'NORMAL_CLEARING', '10.50.245.95', '210.245.26.14', 4.5, 117, 117, 2, 0, 0, '2a3d7454-fc2a-4120-af81-28e412c4d770', 0),
	(294, '886577222', '01626932396', '2018-03-19 15:52:45', '2018-03-19 15:52:47', '2018-03-19 15:52:50', 'NORMAL_CLEARING', '10.50.245.96', '210.245.26.14', 4.5, 134, 134, 3, 0, 0, '8008fb72-6996-47b8-a3fd-08979799a89a', 0),
	(296, '886577222', '01626932396', '2018-03-19 15:53:07', '2018-03-19 15:53:09', '2018-03-19 15:53:12', 'NORMAL_CLEARING', '10.50.245.96', '210.245.26.14', 4.5, 146, 146, 3, 0, 0, 'cebc5501-ea44-4752-a7bb-46bb683703b7', 0),
	(298, '886577222', '01626932396', '2018-03-19 15:53:22', '2018-03-19 15:53:24', '2018-03-19 15:53:27', 'NORMAL_CLEARING', '10.50.245.95', '210.245.26.14', 4.5, 154, 154, 3, 0, 0, 'fa773a68-179d-45e4-9e32-01ed9ab2312f', 0),
	(300, '886577222', '01626932396', '2018-03-19 15:53:37', '2018-03-19 15:53:39', '2018-03-19 15:53:41', 'NORMAL_CLEARING', '10.50.245.95', '210.245.26.14', 4.5, 114, 114, 2, 0, 0, 'a6a8047b-0d21-4820-acff-2608027bfa02', 0),
	(302, '886577222', '01626932396', '2018-03-19 15:53:50', '2018-03-19 15:53:52', '2018-03-19 15:53:54', 'NORMAL_CLEARING', '10.50.245.95', '210.245.26.14', 4.5, 111, 111, 2, 0, 0, '3b9db76c-9274-46e5-a2ec-6fd4de989f82', 0),
	(304, '968953593', '01626932396', '2018-03-19 15:55:37', '2018-03-19 15:55:39', '2018-03-19 15:55:43', 'NORMAL_CLEARING', '10.50.245.96', '210.245.26.14', 4.5, 193, 193, 4, 0, 0, '65ae94b7-4a8e-4718-a956-cb8035914650', 0),
	(306, '968953593', '01626932396', '2018-03-19 15:55:54', '2018-03-19 15:55:56', '2018-03-19 15:56:00', 'NORMAL_CLEARING', '10.50.245.95', '210.245.26.14', 4.5, 201, 201, 4, 0, 0, '7741ff1d-fb0f-4402-b30e-0c9d205f2fe9', 0),
	(308, '968953593', '01626932396', '2018-03-19 15:56:12', '2018-03-19 15:56:14', '2018-03-19 15:56:19', 'NORMAL_CLEARING', '10.50.245.95', '210.245.26.14', 4.5, 242, 242, 5, 0, 0, '62d73678-b487-4148-9565-fe61ca121738', 0),
	(310, '968953593', '01626932396', '2018-03-19 15:56:32', '2018-03-19 15:56:34', '2018-03-19 15:56:37', 'NORMAL_CLEARING', '10.50.245.95', '210.245.26.14', 4.5, 149, 149, 3, 0, 0, 'c4448e1f-f054-49e8-8cba-bdaa7fc9c272', 0),
	(312, '968953593', '01626932396', '2018-03-19 15:56:43', '2018-03-19 15:56:45', '2018-03-19 15:56:51', 'NORMAL_CLEARING', '10.50.245.95', '210.245.26.14', 4.5, 299, 299, 6, 0, 0, 'd2c4b8db-aaae-4028-9744-e432a3f6cd9a', 0),
	(314, '968953593', '01626932396', '2018-03-19 15:56:57', '2018-03-19 15:56:59', '2018-03-19 15:57:04', 'NORMAL_CLEARING', '10.50.245.96', '210.245.26.14', 4.5, 250, 250, 5, 0, 0, '2af5128b-d051-4a3e-a41b-dc4d90fa033b', 0),
	(316, '968953593', '01626932396', '2018-03-19 15:57:11', '2018-03-19 15:57:13', '2018-03-19 15:57:17', 'NORMAL_CLEARING', '10.50.245.96', '210.245.26.14', 4.49, 233, 233, 4, 0, 0, '29929316-6357-4c98-9880-cfc2d035eccf', 0),
	(318, '968953593', '01626932396', '2018-03-19 15:57:26', '2018-03-19 15:57:28', '2018-03-19 15:57:33', 'NORMAL_CLEARING', '10.50.245.95', '210.245.26.14', 4.49, 262, 262, 5, 0, 0, 'aee55e46-3b86-4294-837b-e2bc7fe191c0', 0),
	(320, '968953593', '01626932396', '2018-03-19 15:57:38', '2018-03-19 15:57:40', '2018-03-19 15:57:44', 'NORMAL_CLEARING', '10.50.245.95', '210.245.26.14', 4.5, 200, 200, 4, 0, 0, '12b7075e-bd00-4647-a593-c5320cbce899', 0),
	(322, '968953593', '01626932396', '2018-03-19 15:57:52', '2018-03-19 15:57:54', '2018-03-19 15:57:57', 'NORMAL_CLEARING', '10.50.245.96', '210.245.26.14', 4.5, 142, 142, 3, 0, 0, '5a41b888-3458-4003-bf9b-fb58ff3bda7d', 0);
/*!40000 ALTER TABLE `cdr_vendors` ENABLE KEYS */;

-- Dumping structure for table sbc.cdr_vendors_failed
CREATE TABLE IF NOT EXISTS `cdr_vendors_failed` (
  `id` int(10) unsigned NOT NULL AUTO_INCREMENT,
  `CLI` varchar(64) COLLATE utf8_unicode_ci NOT NULL DEFAULT '',
  `CLD` varchar(64) COLLATE utf8_unicode_ci NOT NULL DEFAULT '',
  `setup_time` datetime NOT NULL DEFAULT CURRENT_TIMESTAMP,
  `disconnect_time` datetime NOT NULL DEFAULT CURRENT_TIMESTAMP,
  `disconnect_cause` varchar(64) COLLATE utf8_unicode_ci NOT NULL DEFAULT '0',
  `from_network_ip` varchar(128) COLLATE utf8_unicode_ci NOT NULL DEFAULT '0',
  `des_network_ip` varchar(128) COLLATE utf8_unicode_ci NOT NULL DEFAULT '0',
  `i_vendor` int(10) unsigned NOT NULL DEFAULT '0',
  `i_customer` int(10) unsigned NOT NULL,
  `call_id` varchar(128) COLLATE utf8_unicode_ci NOT NULL,
  PRIMARY KEY (`id`),
  UNIQUE KEY `call_id` (`call_id`)
) ENGINE=InnoDB AUTO_INCREMENT=157 DEFAULT CHARSET=utf8 COLLATE=utf8_unicode_ci;

-- Dumping data for table sbc.cdr_vendors_failed: ~79 rows (approximately)
/*!40000 ALTER TABLE `cdr_vendors_failed` DISABLE KEYS */;
INSERT IGNORE INTO `cdr_vendors_failed` (`id`, `CLI`, `CLD`, `setup_time`, `disconnect_time`, `disconnect_cause`, `from_network_ip`, `des_network_ip`, `i_vendor`, `i_customer`, `call_id`) VALUES
	(1, '888861489', '01229806868', '2018-03-08 16:57:29', '2018-03-08 16:57:56', 'ORIGINATOR_CANCEL', '210.245.26.14', '210.245.26.14', 2, 0, '2a412bc9-f3f2-4f3d-ac9b-870849d23d46'),
	(3, '888861489', '01229806868', '2018-03-08 16:58:02', '2018-03-08 16:58:15', 'ORIGINATOR_CANCEL', '210.245.26.14', '210.245.26.14', 2, 0, '3dfbdaf5-7ecc-4e7a-a507-3d69bc960d96'),
	(5, '888861489', '01229806868', '2018-03-08 16:58:26', '2018-03-08 16:58:54', 'ORIGINATOR_CANCEL', '210.245.26.14', '210.245.26.14', 2, 0, '6010f5e0-f30a-4c2a-9e42-963023b1a7b4'),
	(7, '888861489', '0909110286', '2018-03-08 18:52:47', '2018-03-08 18:53:17', 'ORIGINATOR_CANCEL', '210.245.26.14', '210.245.26.14', 2, 0, 'd36b1189-baaf-42fe-8b08-226871720ad3'),
	(9, '888861489', '0909110286', '2018-03-08 18:53:26', '2018-03-08 18:53:38', 'ORIGINATOR_CANCEL', '210.245.26.14', '210.245.26.14', 2, 0, '07d86c61-69c3-42bf-aec6-610d9508d5a3'),
	(10, '01626932396', '0988589799', '2018-03-13 23:48:09', '2018-03-13 23:48:09', 'UNALLOCATED_NUMBER', '210.245.26.14', '10.50.245.95', 2, 0, '4ee7ee62-dbc3-498f-81c3-a48be6aca59f'),
	(12, '01626932396', '0988589799', '2018-03-14 00:10:25', '2018-03-14 00:10:35', 'ORIGINATOR_CANCEL', '210.245.26.14', '210.245.26.14', 2, 0, '7aa113d0-99f6-4bd5-a1d0-a39765deca80'),
	(14, '01626932396', '0983048222', '2018-03-14 00:10:43', '2018-03-14 00:11:03', 'ORIGINATOR_CANCEL', '210.245.26.14', '210.245.26.14', 2, 0, 'db1ed963-bf6e-4a3d-a34a-01ce5cb17b0d'),
	(16, '01626932396', '0983048222', '2018-03-14 00:19:34', '2018-03-14 00:19:42', 'ORIGINATOR_CANCEL', '210.245.26.14', '210.245.26.14', 2, 0, '9c79df10-37fb-43eb-9578-4437ff85312f'),
	(18, '01626932396', '0983048222', '2018-03-14 00:31:41', '2018-03-14 00:31:44', 'ORIGINATOR_CANCEL', '210.245.26.14', '210.245.26.14', 2, 0, '72378798-10dd-44f4-a3d7-1ff314e6c74f'),
	(20, '01626932396', '0988589799', '2018-03-14 00:32:43', '2018-03-14 00:32:56', 'ORIGINATOR_CANCEL', '210.245.26.14', '210.245.26.14', 2, 0, '07f9f0bc-6816-4bfe-92ba-91b00860925f'),
	(22, '01626932396', '0988589799', '2018-03-14 00:33:03', '2018-03-14 00:33:05', 'ORIGINATOR_CANCEL', '210.245.26.14', '210.245.26.14', 2, 0, '69b3df1e-c08a-476d-90d9-087ebad587cf'),
	(24, '01626932396', '0988589799', '2018-03-14 00:38:23', '2018-03-14 00:38:36', 'ORIGINATOR_CANCEL', '210.245.26.14', '210.245.26.14', 2, 0, 'bc6866c1-976a-41c2-92b4-63695a11e861'),
	(26, '01626932396', '0931808868', '2018-03-14 00:38:45', '2018-03-14 00:38:52', 'ORIGINATOR_CANCEL', '210.245.26.14', '210.245.26.14', 2, 0, 'd64d8fc4-ce68-4185-9406-8398a30ccf58'),
	(28, '01626932396', '0931808868', '2018-03-14 00:40:02', '2018-03-14 00:40:13', 'ORIGINATOR_CANCEL', '210.245.26.14', '210.245.26.14', 2, 0, 'fc457b32-ae75-4f1a-b15c-d61f7ebea050'),
	(30, '01626932396', '0931808868', '2018-03-14 00:50:32', '2018-03-14 00:50:52', 'NO_USER_RESPONSE', '210.245.26.14', '10.50.245.95', 2, 0, '64663843-190f-474f-9818-2520ff2c60fb'),
	(32, '01626932396', '0931808868', '2018-03-14 00:50:56', '2018-03-14 00:51:01', 'ORIGINATOR_CANCEL', '210.245.26.14', '210.245.26.14', 2, 0, '53ee8fce-9e77-47c0-a693-3162562b8763'),
	(34, '01626932396', '0968953593', '2018-03-14 00:51:30', '2018-03-14 00:51:44', 'ORIGINATOR_CANCEL', '210.245.26.14', '210.245.26.14', 2, 0, '0a6f3fb2-72a8-4cb6-aa06-f6e43567def6'),
	(36, '01626932396', '0968953593', '2018-03-14 00:51:48', '2018-03-14 00:52:08', 'NO_USER_RESPONSE', '210.245.26.14', '10.50.245.95', 2, 0, 'ed495339-1e2f-42bd-b88e-7afc93acafb7'),
	(38, '01626932396', '0968953593', '2018-03-14 01:25:13', '2018-03-14 01:25:18', 'ORIGINATOR_CANCEL', '210.245.26.14', '210.245.26.14', 2, 0, '58d5c309-af3d-490b-8bdc-e67c4c6af6a3'),
	(40, '01626932396', '0983048222', '2018-03-14 01:25:35', '2018-03-14 01:25:47', 'ORIGINATOR_CANCEL', '210.245.26.14', '210.245.26.14', 2, 0, 'ead4cada-3861-46e5-8d69-a4e8b559def8'),
	(42, '983048222', '01626932396', '2018-03-14 01:28:21', '2018-03-14 01:28:21', 'DESTINATION_OUT_OF_ORDER', '10.50.245.95', '210.245.26.14', 0, 0, 'a7773530-1582-45ba-9894-ccdc6a2fc355'),
	(44, '01626932396', '0983048222', '2018-03-14 01:31:02', '2018-03-14 01:31:22', 'NO_USER_RESPONSE', '210.245.26.14', '10.50.245.95', 2, 0, '048028de-7d88-445b-b912-2555753778bc'),
	(46, '01626932396', '0983048222', '2018-03-14 01:36:47', '2018-03-14 01:36:53', 'ORIGINATOR_CANCEL', '210.245.26.14', '210.245.26.14', 2, 0, 'dcf782b8-dc00-4c9d-bc9d-e3d18fd714ec'),
	(48, '983048222', '01626932396', '2018-03-14 01:38:13', '2018-03-14 01:38:13', 'DESTINATION_OUT_OF_ORDER', '10.50.245.95', '210.245.26.14', 0, 0, 'f760e402-3c34-4791-9809-9c0193bce4da'),
	(50, '01626932396', '983048222', '2018-03-14 01:42:59', '2018-03-14 01:43:16', 'ORIGINATOR_CANCEL', '210.245.26.14', '210.245.26.14', 2, 0, '600a7105-d25f-4afa-af3e-9550ab0f646c'),
	(52, '983048222', '01626932396', '2018-03-14 01:52:07', '2018-03-14 01:52:28', 'ORIGINATOR_CANCEL', '10.50.245.95', '10.50.245.95', 0, 0, 'a4ed5741-8aeb-4910-ab3d-36c434c14947'),
	(54, '931808868', '01626932396', '2018-03-14 01:53:10', '2018-03-14 01:53:17', 'ORIGINATOR_CANCEL', '10.50.245.95', '10.50.245.95', 0, 0, '4e9b603c-3626-40fe-8375-bc7eb60d453f'),
	(56, '931808868', '01626932396', '2018-03-14 01:56:30', '2018-03-14 01:56:30', 'DESTINATION_OUT_OF_ORDER', '10.50.245.95', '210.245.26.14', 0, 0, '92d50bd5-0d9d-4afb-8623-70faf2561fbc'),
	(58, '01626932396', '0983048222', '2018-03-14 02:02:44', '2018-03-14 02:02:54', 'USER_BUSY', '210.245.26.14', '10.50.245.95', 2, 0, '96120cf1-205d-4170-9d8e-b1e67664064b'),
	(60, '01626932396', '0931808868', '2018-03-14 02:03:05', '2018-03-14 02:03:22', 'NORMAL_CLEARING', '210.245.26.14', '10.50.245.95', 2, 0, '26c1025e-b9a1-4d2e-927d-e915f21e8406'),
	(62, '983048222', '01626932396', '2018-03-14 02:04:54', '2018-03-14 02:04:54', 'DESTINATION_OUT_OF_ORDER', '10.50.245.95', '210.245.26.14', 0, 0, 'b74984e8-303b-4bbc-a7c0-c7270088ea8c'),
	(64, '01626932396', '0931808868', '2018-03-14 02:08:17', '2018-03-14 02:08:23', 'ORIGINATOR_CANCEL', '210.245.26.14', '10.50.245.95', 2, 0, '35954940-29fc-4393-9897-b86810478068'),
	(66, '968953593', '01626932396', '2018-03-14 02:09:21', '2018-03-14 02:09:21', 'DESTINATION_OUT_OF_ORDER', '10.50.245.95', '210.245.26.14', 0, 0, '91253688-99dc-4ffd-ac03-ff14370e1c2b'),
	(68, '01626932396', '0976886720', '2018-03-14 02:19:59', '2018-03-14 02:20:33', 'ORIGINATOR_CANCEL', '210.245.26.14', '10.50.245.95', 2, 0, 'a0a6a879-5a96-4ea8-b5fb-a449cbe5abf1'),
	(70, '01626932396', '0988589799', '2018-03-14 02:20:42', '2018-03-14 02:20:48', 'ORIGINATOR_CANCEL', '210.245.26.14', '10.50.245.95', 2, 0, 'db3b6b39-d8e0-4b5f-85d1-5eb33dfc4647'),
	(72, '01626932396', '0962510256', '2018-03-14 08:55:31', '2018-03-14 08:55:45', 'ORIGINATOR_CANCEL', '210.245.26.14', '10.50.245.95', 2, 0, '3a40efb2-04f1-4964-856c-8cfb710703f8'),
	(74, '968953593', '01626932396', '2018-03-15 14:00:55', '2018-03-15 14:00:56', 'ORIGINATOR_CANCEL', '10.50.245.95', '210.245.26.14', 0, 0, '6c0d66d6-727e-4d78-920e-eb47947931f3'),
	(76, '01626932396', '0987208691', '2018-03-15 14:31:29', '2018-03-15 14:31:30', 'USER_BUSY', '210.245.26.14', '10.50.245.95', 2, 0, '980eda6c-c4c9-45b1-ade4-553d329dcdb9'),
	(78, '969689186', '01626932396', '2018-03-15 22:36:14', '2018-03-15 22:36:14', 'ORIGINATOR_CANCEL', '10.50.245.95', '210.245.26.14', 0, 0, '7150fa10-602c-4064-9c7a-7062bad788c9'),
	(80, '01626932396', '02363619888', '2018-03-16 09:38:52', '2018-03-16 09:38:53', 'USER_BUSY', '210.245.26.14', '10.50.245.95', 2, 0, '213425c1-0a5f-440f-adfc-96c7c07c694d'),
	(82, '01626932396', '02523939689', '2018-03-16 09:40:03', '2018-03-16 09:40:04', 'USER_BUSY', '210.245.26.14', '10.50.245.95', 2, 0, '53e04802-84bd-4b7f-ac3a-db968e934369'),
	(84, '01626932396', '02862966620', '2018-03-16 09:43:01', '2018-03-16 09:43:06', 'NORMAL_CLEARING', '210.245.26.14', '10.50.245.95', 2, 0, '6ad9ce26-1dfa-4998-96fb-a7d436368493'),
	(86, '01626932396', '0871088888', '2018-03-16 09:59:44', '2018-03-16 10:00:04', 'NO_USER_RESPONSE', '210.245.26.14', '10.50.245.95', 2, 0, '3e1f4ca8-73fa-4736-aa63-861ab9d25a13'),
	(88, '01626932396', '0871066666', '2018-03-16 10:00:53', '2018-03-16 10:01:13', 'NO_USER_RESPONSE', '210.245.26.14', '10.50.245.95', 2, 0, 'a1bc9592-fc6d-4c2a-a72f-47efa9ac43ac'),
	(90, '01626932396', '08473002222', '2018-03-16 10:10:42', '2018-03-16 10:10:49', 'ORIGINATOR_CANCEL', '210.245.26.14', '210.245.26.14', 2, 0, '09589303-079f-42e4-bef7-ebd00036a578'),
	(92, '01626932396', '0936000846', '2018-03-16 10:19:07', '2018-03-16 10:19:14', 'USER_BUSY', '210.245.26.14', '10.50.245.95', 2, 0, '05e93a26-bbef-4295-a42b-3e76078e0a3f'),
	(94, '01626932396', '0936000846', '2018-03-16 10:20:59', '2018-03-16 10:21:29', 'ORIGINATOR_CANCEL', '210.245.26.14', '210.245.26.14', 2, 0, '61a5b9c2-b1e4-45ec-9027-176dec16d633'),
	(96, '01626932396', '0936000846', '2018-03-16 10:24:57', '2018-03-16 10:25:08', 'USER_BUSY', '210.245.26.14', '10.50.245.95', 2, 0, 'fbe823d6-c7fc-4c51-8f20-f047ca37c94e'),
	(98, '01626932396', '01659569792', '2018-03-16 10:33:32', '2018-03-16 10:33:32', 'USER_BUSY', '210.245.26.14', '10.50.245.95', 2, 0, '076abaee-5bd0-4aa7-86f5-7934502efd92'),
	(100, '01626932396', '01659569792', '2018-03-16 10:34:00', '2018-03-16 10:34:00', 'USER_BUSY', '210.245.26.14', '10.50.245.95', 2, 0, '77598eb5-3d4c-4256-b2c8-e056edea6085'),
	(102, '01626932396', '0968953593', '2018-03-16 10:36:20', '2018-03-16 10:36:26', 'USER_BUSY', '210.245.26.14', '10.50.245.95', 2, 0, '82a4d44c-252c-462e-84e5-5bfa5c4e71bf'),
	(104, '01626932396', '0987208691', '2018-03-16 10:40:16', '2018-03-16 10:40:32', 'NO_USER_RESPONSE', '210.245.26.14', '10.50.245.95', 2, 0, '1bafcd30-1524-4cd0-816b-dfdea9bb88ee'),
	(106, '01626932396', '0987208691', '2018-03-16 10:40:49', '2018-03-16 10:41:05', 'NO_USER_RESPONSE', '210.245.26.14', '10.50.245.95', 2, 0, '4c7b1f58-07ed-463f-9a7e-0e90117b7ff6'),
	(108, '01626932396', '0987208691', '2018-03-16 11:48:34', '2018-03-16 11:48:44', 'USER_BUSY', '210.245.26.14', '10.50.245.95', 2, 0, '99711b1e-31a8-466b-a8fd-fd30cad91554'),
	(110, '01626932396', '0983914980', '2018-03-16 15:04:32', '2018-03-16 15:04:41', 'ORIGINATOR_CANCEL', '210.245.26.14', '10.50.245.95', 2, 0, '8af4a897-786a-4b38-8add-06b6d2c068c4'),
	(112, '01626932396', '0983914980', '2018-03-16 15:04:46', '2018-03-16 15:04:51', 'ORIGINATOR_CANCEL', '210.245.26.14', '10.50.245.95', 2, 0, 'ad7de711-3f93-4ebe-9d9d-f1bdce8c948a'),
	(114, '01626932396', '0983914980', '2018-03-16 15:06:22', '2018-03-16 15:06:28', 'ORIGINATOR_CANCEL', '210.245.26.14', '10.50.245.95', 2, 0, '662a6101-9611-4f31-b04d-aad05c92918b'),
	(116, '01626932396', '0983914980', '2018-03-16 15:07:26', '2018-03-16 15:07:32', 'ORIGINATOR_CANCEL', '210.245.26.14', '10.50.245.95', 2, 0, 'e50e1020-d456-45f7-b65e-c575e831f632'),
	(118, '01626932396', '0983914980', '2018-03-16 16:04:12', '2018-03-16 16:04:17', 'ORIGINATOR_CANCEL', '210.245.26.14', '10.50.245.95', 2, 0, '7644859b-3a09-4ec5-97fc-fb4aeb0c32d2'),
	(120, '01626932396', '0983914980', '2018-03-16 16:04:44', '2018-03-16 16:04:48', 'ORIGINATOR_CANCEL', '210.245.26.14', '10.50.245.95', 2, 0, '09cb964e-e7d9-424c-a067-fd68071c2980'),
	(122, '01626932396', '0983914980', '2018-03-16 16:04:55', '2018-03-16 16:05:00', 'ORIGINATOR_CANCEL', '210.245.26.14', '10.50.245.95', 2, 0, '02d1319a-d28f-43df-a380-d732781555ce'),
	(124, '01626932396', '0983914980', '2018-03-16 16:05:03', '2018-03-16 16:05:07', 'ORIGINATOR_CANCEL', '210.245.26.14', '10.50.245.95', 2, 0, '202ab0a3-1597-4e3c-a6e1-acb63e5959c8'),
	(126, '01626932396', '0983914980', '2018-03-16 16:05:12', '2018-03-16 16:05:17', 'ORIGINATOR_CANCEL', '210.245.26.14', '10.50.245.95', 2, 0, 'dff47ce2-834c-4f8e-a913-9092fe251bae'),
	(128, '01626932396', '0983914980', '2018-03-16 16:05:40', '2018-03-16 16:05:44', 'ORIGINATOR_CANCEL', '210.245.26.14', '10.50.245.95', 2, 0, 'ca783f34-fbdf-447b-b894-44623c2ab54c'),
	(130, '01626932396', '0983914980', '2018-03-16 16:06:03', '2018-03-16 16:06:07', 'ORIGINATOR_CANCEL', '210.245.26.14', '10.50.245.95', 2, 0, '1b99258d-d69e-499a-a9b6-7e9cfe1e7392'),
	(132, '01626932396', '0983914980', '2018-03-16 16:10:45', '2018-03-16 16:10:59', 'ORIGINATOR_CANCEL', '210.245.26.14', '10.50.245.95', 2, 0, '33c4214f-0283-4cb6-bbf4-f0d7bf3323ff'),
	(134, '01626932396', '0983914980', '2018-03-16 16:11:44', '2018-03-16 16:11:48', 'ORIGINATOR_CANCEL', '210.245.26.14', '10.50.245.95', 2, 0, '3db118d3-4cf1-49c8-8c2a-7a4861cc939b'),
	(136, '01626932396', '0983914980', '2018-03-16 16:15:17', '2018-03-16 16:15:21', 'ORIGINATOR_CANCEL', '210.245.26.14', '10.50.245.95', 2, 0, 'a461630d-3919-4540-ab77-6932e9388b4c'),
	(138, '01626932396', '0983914980', '2018-03-16 16:17:56', '2018-03-16 16:17:59', 'ORIGINATOR_CANCEL', '210.245.26.14', '210.245.26.14', 2, 0, 'a61d2ee5-d2cc-4f92-8278-d82b8ae2b28c'),
	(140, '01626932396', '0983914980', '2018-03-16 16:22:06', '2018-03-16 16:22:11', 'ORIGINATOR_CANCEL', '210.245.26.14', '10.50.245.95', 2, 0, '812dbe92-2f36-4439-bbf2-27917eec0edf'),
	(142, '01626932396', '0983914980', '2018-03-16 16:25:10', '2018-03-16 16:25:15', 'ORIGINATOR_CANCEL', '210.245.26.14', '10.50.245.95', 2, 0, '03c4f3a8-2d90-4a08-9636-bdde2375deb3'),
	(144, '01626932396', '0983914980', '2018-03-16 16:25:55', '2018-03-16 16:25:58', 'ORIGINATOR_CANCEL', '210.245.26.14', '10.50.245.95', 2, 0, '1ee0ca2f-e8b0-47ab-bb71-045a59d32f9b'),
	(146, '01626932396', '0983914980', '2018-03-16 16:28:06', '2018-03-16 16:28:06', 'USER_BUSY', '210.245.26.14', '10.50.245.95', 2, 0, '6aa6af2e-0024-4bde-898f-117d37e02c6e'),
	(148, '01626932396', '0983914980', '2018-03-16 16:28:17', '2018-03-16 16:28:22', 'ORIGINATOR_CANCEL', '210.245.26.14', '10.50.245.95', 2, 0, '2a96377d-f760-46e8-9ddb-fa1bfbf29dbb'),
	(150, '983914980', '01626932396', '2018-03-16 16:50:47', '2018-03-16 16:51:11', 'ORIGINATOR_CANCEL', '10.50.245.95', '10.50.245.95', 0, 0, 'c0376109-4861-458a-b411-83ffd6e2c258'),
	(152, '01626932396', '0983914980', '2018-03-17 07:25:33', '2018-03-17 07:25:43', 'ORIGINATOR_CANCEL', '210.245.26.14', '10.50.245.95', 2, 0, '0d0dbdd7-ddc1-466e-92b6-236c6eaa43ac'),
	(154, '01626932396', '0931808868', '2018-03-18 22:20:12', '2018-03-18 22:20:21', 'ORIGINATOR_CANCEL', '210.245.26.14', '10.50.245.95', 2, 0, 'e2e2315b-185a-46d3-9aba-fc3023313ca5'),
	(156, '983048222', '01626932396', '2018-03-19 15:00:25', '2018-03-19 15:00:26', 'ORIGINATOR_CANCEL', '10.50.245.95', '210.245.26.14', 0, 0, '034c17b7-d8f9-45f7-9dd7-ab3315f11e38');
/*!40000 ALTER TABLE `cdr_vendors_failed` ENABLE KEYS */;

-- Dumping structure for table sbc.customers
CREATE TABLE IF NOT EXISTS `customers` (
  `i_customer` int(10) unsigned NOT NULL AUTO_INCREMENT,
  `name` varchar(64) COLLATE utf8_unicode_ci NOT NULL DEFAULT '',
  `companyname` varchar(255) COLLATE utf8_unicode_ci NOT NULL DEFAULT '',
  `firstname` varchar(64) COLLATE utf8_unicode_ci DEFAULT '',
  `midinit` varchar(64) COLLATE utf8_unicode_ci DEFAULT '',
  `lastname` varchar(64) COLLATE utf8_unicode_ci DEFAULT '',
  `addr` varchar(64) COLLATE utf8_unicode_ci DEFAULT '',
  `city` varchar(64) COLLATE utf8_unicode_ci DEFAULT '',
  `state` varchar(64) COLLATE utf8_unicode_ci DEFAULT '',
  `zip` varchar(64) COLLATE utf8_unicode_ci DEFAULT '',
  `country` varchar(64) COLLATE utf8_unicode_ci DEFAULT '',
  `phone1` varchar(64) COLLATE utf8_unicode_ci NOT NULL DEFAULT '',
  `phone2` varchar(64) COLLATE utf8_unicode_ci DEFAULT '',
  `email` varchar(64) COLLATE utf8_unicode_ci NOT NULL,
  `bcc` varchar(64) COLLATE utf8_unicode_ci DEFAULT NULL,
  `send_statistics` varchar(64) COLLATE utf8_unicode_ci NOT NULL DEFAULT 'N',
  `blocked` enum('Y','N') COLLATE utf8_unicode_ci NOT NULL DEFAULT 'N',
  `capacity` int(10) unsigned DEFAULT NULL,
  `creation_date` datetime NOT NULL DEFAULT CURRENT_TIMESTAMP,
  `update_time` datetime NOT NULL DEFAULT CURRENT_TIMESTAMP,
  `description` varchar(255) COLLATE utf8_unicode_ci NOT NULL,
  PRIMARY KEY (`i_customer`)
) ENGINE=InnoDB DEFAULT CHARSET=utf8 COLLATE=utf8_unicode_ci;

-- Dumping data for table sbc.customers: ~0 rows (approximately)
/*!40000 ALTER TABLE `customers` DISABLE KEYS */;
/*!40000 ALTER TABLE `customers` ENABLE KEYS */;

-- Dumping structure for table sbc.local_ip
CREATE TABLE IF NOT EXISTS `local_ip` (
  `i_local_ip` int(10) unsigned NOT NULL AUTO_INCREMENT,
  `local_ip` varchar(64) COLLATE utf8_unicode_ci NOT NULL DEFAULT '127.0.0.1',
  `local_port` varchar(64) COLLATE utf8_unicode_ci NOT NULL DEFAULT '5060',
  `timestamp` timestamp NOT NULL DEFAULT CURRENT_TIMESTAMP,
  `description` varchar(255) COLLATE utf8_unicode_ci NOT NULL DEFAULT '',
  PRIMARY KEY (`i_local_ip`)
) ENGINE=InnoDB AUTO_INCREMENT=10 DEFAULT CHARSET=utf8 COLLATE=utf8_unicode_ci;

-- Dumping data for table sbc.local_ip: ~3 rows (approximately)
/*!40000 ALTER TABLE `local_ip` DISABLE KEYS */;
INSERT IGNORE INTO `local_ip` (`i_local_ip`, `local_ip`, `local_port`, `timestamp`, `description`) VALUES
	(3, '10.50.245.95', '5060', '2018-03-04 19:41:59', ''),
	(5, '10.50.245.96', '5060', '2018-03-04 19:42:09', ''),
	(7, '10.50.245.97', '5060', '2018-03-04 19:42:09', '');
/*!40000 ALTER TABLE `local_ip` ENABLE KEYS */;

-- Dumping structure for table sbc.routing
CREATE TABLE IF NOT EXISTS `routing` (
  `i_routing` int(10) unsigned NOT NULL AUTO_INCREMENT,
  `direction` int(10) NOT NULL COMMENT '1:pbx2telco, 2:telco2pbx, 3:on-net, 4-telco2telco',
  `caller` varchar(64) COLLATE utf8_unicode_ci DEFAULT '' COMMENT 'SIP:From',
  `callee` varchar(64) COLLATE utf8_unicode_ci DEFAULT '' COMMENT 'SIP:To',
  `i_acl` int(10) NOT NULL COMMENT 'trunk chinh',
  `i_acl_backup` int(10) NOT NULL COMMENT 'trunk backup',
  `destination` varchar(128) COLLATE utf8_unicode_ci NOT NULL COMMENT 'trunk ip:port',
  `priority` int(10) NOT NULL DEFAULT '10',
  `i_customer` int(10) NOT NULL,
  `i_vendor` int(10) NOT NULL,
  `description` varchar(255) COLLATE utf8_unicode_ci DEFAULT '',
  `network` int(10) NOT NULL DEFAULT '1' COMMENT '1 - private, 2 - public',
  `i_sip_profile` int(10) unsigned NOT NULL DEFAULT '0' COMMENT '1 - mpbn, 2 - internet',
  `status` int(11) DEFAULT '0' COMMENT '0: Active, 1: Temporary disable',
  PRIMARY KEY (`i_routing`)
) ENGINE=InnoDB AUTO_INCREMENT=10479 DEFAULT CHARSET=utf8 COLLATE=utf8_unicode_ci;

-- Dumping data for table sbc.routing: ~8 rows (approximately)
/*!40000 ALTER TABLE `routing` DISABLE KEYS */;
INSERT IGNORE INTO `routing` (`i_routing`, `direction`, `caller`, `callee`, `i_acl`, `i_acl_backup`, `destination`, `priority`, `i_customer`, `i_vendor`, `description`, `network`, `i_sip_profile`, `status`) VALUES
	(10401, 1, '888861489', NULL, 10297, 10297, '10.50.245.95:5060', 10, 73, 2, '1111', 1, 1, 0),
	(10403, 2, NULL, '888861489', 1, 2, '210.245.26.14:5060', 10, 73, 0, '1111', 2, 2, 0),
	(10459, 1, '01626932396', NULL, 10325, 10325, '10.50.245.95:5060', 10, 1, 2, '210.245.26.14:5060', 1, 1, 0),
	(10461, 2, NULL, '01626932396', 1, 2, '210.245.26.14:5060', 10, 1, 0, '210.245.26.14:5060', 2, 2, 0),
	(10467, 1, '19002011', NULL, 10329, 10329, '10.50.245.95:5060', 10, 6, 2, '123455222', 1, 1, 0),
	(10469, 2, NULL, '19002011', 1, 2, '10.1.0.223', 10, 6, 0, '123455222', 2, 2, 0),
	(10471, 1, '19002012', NULL, 10331, 10331, '10.50.245.95:5060', 10, 6, 2, '123455222', 1, 1, 0),
	(10473, 2, NULL, '19002012', 1, 2, '10.1.0.223', 10, 6, 0, '123455222', 2, 2, 0);
/*!40000 ALTER TABLE `routing` ENABLE KEYS */;

-- Dumping structure for table sbc.sip_profile
CREATE TABLE IF NOT EXISTS `sip_profile` (
  `i_sip_profile` int(10) unsigned NOT NULL AUTO_INCREMENT,
  `profile_name` varchar(128) COLLATE utf8_unicode_ci NOT NULL,
  `timestamp` timestamp NOT NULL DEFAULT CURRENT_TIMESTAMP,
  `description` varchar(1024) COLLATE utf8_unicode_ci DEFAULT '',
  PRIMARY KEY (`i_sip_profile`)
) ENGINE=InnoDB AUTO_INCREMENT=4 DEFAULT CHARSET=utf8 COLLATE=utf8_unicode_ci;

-- Dumping data for table sbc.sip_profile: ~3 rows (approximately)
/*!40000 ALTER TABLE `sip_profile` DISABLE KEYS */;
INSERT IGNORE INTO `sip_profile` (`i_sip_profile`, `profile_name`, `timestamp`, `description`) VALUES
	(1, 'public_51000', '2018-03-04 19:42:48', 'mpbn viettel'),
	(2, 'internet_public_52000', '2018-03-04 19:46:59', 'public_internet'),
	(3, 'public_53000', '2018-03-04 19:49:07', 'leased line viettel');
/*!40000 ALTER TABLE `sip_profile` ENABLE KEYS */;

-- Dumping structure for table sbc.tbl_students
CREATE TABLE IF NOT EXISTS `tbl_students` (
  `StudID` int(11) DEFAULT NULL,
  `StudName` varchar(50) COLLATE utf16_unicode_ci DEFAULT NULL
) ENGINE=InnoDB DEFAULT CHARSET=utf16 COLLATE=utf16_unicode_ci;

-- Dumping data for table sbc.tbl_students: ~0 rows (approximately)
/*!40000 ALTER TABLE `tbl_students` DISABLE KEYS */;
/*!40000 ALTER TABLE `tbl_students` ENABLE KEYS */;

-- Dumping structure for table sbc.vendors
CREATE TABLE IF NOT EXISTS `vendors` (
  `i_vendor` int(10) unsigned NOT NULL AUTO_INCREMENT,
  `vendor` varchar(128) COLLATE utf8_unicode_ci NOT NULL DEFAULT '0',
  `name` varchar(128) COLLATE utf8_unicode_ci NOT NULL DEFAULT '',
  `send_statistics` varchar(128) COLLATE utf8_unicode_ci DEFAULT NULL,
  `blocked` enum('Y','N') COLLATE utf8_unicode_ci DEFAULT NULL,
  `creation_date` datetime NOT NULL DEFAULT CURRENT_TIMESTAMP,
  `update_time` datetime NOT NULL DEFAULT CURRENT_TIMESTAMP,
  `description` varchar(255) COLLATE utf8_unicode_ci DEFAULT NULL,
  PRIMARY KEY (`i_vendor`)
) ENGINE=InnoDB DEFAULT CHARSET=utf8 COLLATE=utf8_unicode_ci;

-- Dumping data for table sbc.vendors: ~0 rows (approximately)
/*!40000 ALTER TABLE `vendors` DISABLE KEYS */;
/*!40000 ALTER TABLE `vendors` ENABLE KEYS */;


-- Dumping database structure for vnmcms
CREATE DATABASE IF NOT EXISTS `vnmcms` /*!40100 DEFAULT CHARACTER SET utf8mb4 COLLATE utf8mb4_unicode_ci */;
USE `vnmcms`;

-- Dumping structure for table vnmcms.activity
CREATE TABLE IF NOT EXISTS `activity` (
  `id` int(11) NOT NULL AUTO_INCREMENT,
  `user_id` int(11) DEFAULT NULL,
  `data_id` int(11) DEFAULT NULL COMMENT 'Current ID',
  `root_id` int(11) DEFAULT '0' COMMENT 'Parent ID (relation ID)',
  `data_table` varchar(500) DEFAULT NULL COMMENT 'Table name',
  `action` varchar(500) DEFAULT NULL COMMENT 'Behavious ( Delete, Update, Lock, Unlock) ',
  `raw_log` text,
  `created_at` datetime DEFAULT CURRENT_TIMESTAMP,
  PRIMARY KEY (`id`)
) ENGINE=InnoDB AUTO_INCREMENT=785 DEFAULT CHARSET=utf8 COMMENT='Log activity';

-- Dumping data for table vnmcms.activity: ~394 rows (approximately)
/*!40000 ALTER TABLE `activity` DISABLE KEYS */;
INSERT IGNORE INTO `activity` (`id`, `user_id`, `data_id`, `root_id`, `data_table`, `action`, `raw_log`, `created_at`) VALUES
	(1, 1, 1, 1, 'service_config', 'Create', '{"service_name":"VC01 - T03\\/2018","type":"1","status":"0","created_at":"2018-03-05 22:54:13","updated_at":"2018-03-05 22:54:13"}', '2018-03-05 22:54:13'),
	(3, 1, 1, 0, 'service_config_price', 'Create ', '{"from_user":"0","to_user":"-1","price":"49000","service_config_id":"1","updated_at":"2018-03-05 22:54:43"}', '2018-03-05 22:54:43'),
	(5, 1, 1, 0, 'service_config_price', 'Soft Delete', '{"status":2,"updated_at":"2018-03-05 22:54:48"}', '2018-03-05 22:54:48'),
	(7, 1, 1, 1, 'service_config_hotline_price', 'Create', '{"service_config_id":"1","from_hotline_num":"0","to_hotline_num":"-1","price":"49000","init_price":"0","created_at":"2018-03-05 22:55:02","updated_at":"2018-03-05 22:55:02"}', '2018-03-05 22:55:02'),
	(9, 1, 1, 1, 'quantity_config', 'Create', '{"service_config_id":"1","min":"100","description":"G\\u00f3i a","type":"0","price":"15000"}', '2018-03-05 23:56:09'),
	(11, 1, 1, 1, 'service_option_price', 'Create', '{"service_config_id":"1","from":"0","to":"-1","type":"1","description":null,"price":"1444","created_at":"2018-03-05 23:56:56","updated_at":"2018-03-05 23:56:56"}', '2018-03-05 23:56:56'),
	(13, 1, 3, 1, 'quantity_config', 'Create', '{"service_config_id":"1","min":"200","description":"G\\u00f3i ngo\\u1ea1i m\\u1ea1ng","type":"1","price":"20000"}', '2018-03-06 11:09:38'),
	(15, 1, 1, 1, 'call_fee_config', 'Create', '{"service_config_id":"1","from_min":"0","to_min":"-1","type":"1","call_fees":"600","call_type":"0","created_at":"2018-03-06 11:15:10","updated_at":"2018-03-06 11:15:10"}', '2018-03-06 11:15:10'),
	(17, 1, 3, 1, 'call_fee_config', 'Create', '{"service_config_id":"1","from_min":"0","to_min":"-1","type":"2","call_fees":"900","call_type":"0","created_at":"2018-03-06 11:15:22","updated_at":"2018-03-06 11:15:22"}', '2018-03-06 11:15:22'),
	(19, 1, 5, 1, 'call_fee_config', 'Create', '{"service_config_id":"1","from_min":"0","to_min":"-1","type":"1","call_fees":"200","call_type":"1","created_at":"2018-03-06 11:15:48","updated_at":"2018-03-06 11:15:48"}', '2018-03-06 11:15:48'),
	(21, 1, 1, 1, 'sms_fee_config', 'Create', '{"service_config_id":"1","from_sms":"0","to_sms":"-1","type":"1","sms_fees":"500","sms_type":null,"created_at":"2018-03-06 11:32:46","updated_at":"2018-03-06 11:32:46"}', '2018-03-06 11:32:46'),
	(23, 1, 3, 1, 'sms_fee_config', 'Create', '{"service_config_id":"1","from_sms":"0","to_sms":"-1","type":"2","sms_fees":"600","sms_type":null,"created_at":"2018-03-06 11:33:58","updated_at":"2018-03-06 11:33:58"}', '2018-03-06 11:33:58'),
	(25, 1, 0, 0, 'service_option_price', 'Created', '{"service_config_id":"1","enterprise_number":"0888222222","status":null,"id":1,"num_agent":0,"updated_at":"2018-03-06 11:54:10","begin_charge_date":{"date":"2018-03-07 11:54:10.000000","timezone_type":3,"timezone":"Asia\\/Ho_Chi_Minh"}}', '2018-03-06 11:54:10'),
	(27, 1, 1, 1, 'customers', 'Create', '{"cus_name":"Vi\\u1ec7t","companyname":"CS","taxcode":"123123","licenseno":"511","issuedby":null,"dateofissue":null,"firstname":null,"midinit":null,"lastname":null,"enterprise_number":"0888222222","addr":"CS","city":null,"state":null,"zip":null,"country":null,"phone1":null,"phone2":null,"email":"cs@a.c","bcc":null,"send_statistics":null,"blocked":null,"capacity":null,"description":null,"service_id":"1","created_at":"2018-03-06 11:54:10","updated_at":"2018-03-06 11:54:10","amid":null,"amname":null,"agencyid":null,"regionid":null,"cus_id":1}', '2018-03-06 11:54:11'),
	(29, 1, 1, 1, 'customers', 'Lock/Unlock/Temporary Lock', '{"updated_at":"2018-03-06 11:54:18","blocked":1,"id":"1"}', '2018-03-06 11:54:18'),
	(31, 1, 1, 1, 'service_subcriber', 'Lock/Unlock/Temporary Lock', '{"updated_at":"2018-03-06 11:54:18","status":1,"id":"1"}', '2018-03-06 11:54:18'),
	(33, 1, 1, 1, 'customers', 'Lock/Unlock/Temporary Lock', '{"updated_at":"2018-03-06 11:54:31","blocked":0,"id":"1"}', '2018-03-06 11:54:31'),
	(35, 1, 1, 1, 'service_subcriber', 'Lock/Unlock/Temporary Lock', '{"updated_at":"2018-03-06 11:54:31","status":0,"id":"1"}', '2018-03-06 11:54:31'),
	(37, 1, 1, 1, 'service_config', 'Update', '{"service_name":"VC01 - T03\\/2018","type":"1","status":"0","updated_at":"2018-03-06 12:02:39"}', '2018-03-06 12:02:39'),
	(39, 1, 1, 1, 'hot_line_config', 'Create', '{"cus_id":"1","hotline_number":"0888222222","init_charge":"0","enterprise_number":"0888222222","status":"0","created_at":"2018-03-06 13:09:01","updated_at":"2018-03-06 13:09:01"}', '2018-03-06 13:09:01'),
	(41, 1, 3, 1, 'hot_line_config', 'Create', '{"cus_id":"1","hotline_number":"0888222244","init_charge":"0","enterprise_number":"0888222222","status":"0","created_at":"2018-03-06 13:09:20","updated_at":"2018-03-06 13:09:20"}', '2018-03-06 13:09:20'),
	(43, 1, 1, 1, 'quantity_subcriber', 'Create', '{"service_subcriber_id":"1","init_charge":null,"quantity_config_id":"1","status":"0","begin_use_date":"2018-03-06","resub":"0","created_at":"2018-03-06 13:32:01","updated_at":"2018-03-06 13:32:01"}', '2018-03-06 13:32:01'),
	(45, 1, 1, 1, 'quantity_subcriber', 'Update', '{"service_subcriber_id":"1","init_charge":"1","quantity_config_id":"1","status":"0","begin_use_date":"2018-03-06","resub":"1","updated_at":"2018-03-06 13:51:59"}', '2018-03-06 13:51:59'),
	(47, 2, 1, 0, 'service_config_price', 'Soft Delete', '{"status":2,"updated_at":"2018-03-06 14:26:50"}', '2018-03-06 14:26:50'),
	(49, 2, 1, 0, 'service_config_price', 'Update', '{"from_user":"0","to_user":"-1","price":"49000","service_config_id":"1"}', '2018-03-06 14:26:52'),
	(51, 2, 1, 1, 'service_config_hotline_price', 'Update', '{"service_config_id":"1","from_hotline_num":"0","to_hotline_num":"-1","price":"49000","init_price":"0","updated_at":"2018-03-06 14:27:21"}', '2018-03-06 14:27:21'),
	(53, 2, 1, 0, 'service_config_price', 'Update', '{"from_user":"0","to_user":"-1","price":"49000","service_config_id":"1"}', '2018-03-06 14:28:31'),
	(55, 2, 1, 0, 'service_config_price', 'Update', '{"from_user":"0","to_user":"-1","price":"49000","service_config_id":"1"}', '2018-03-06 14:29:02'),
	(57, 2, 1, 0, 'service_config_price', 'Update', '{"from_user":"0","to_user":"-1","price":"49000","service_config_id":"1"}', '2018-03-06 14:29:08'),
	(59, 2, 1, 0, 'service_config_price', 'Update', '{"from_user":"0","to_user":"-1","price":"49000","service_config_id":"1","status":0}', '2018-03-06 14:31:10'),
	(61, 2, 3, 1, 'hot_line_config', 'Update', '{"cus_id":"1","hotline_number":"0888222244","init_charge":"1","enterprise_number":"0888222222","status":"0","updated_at":"2018-03-06 14:33:45"}', '2018-03-06 14:33:45'),
	(63, 2, 10299, 1, 'sbc.acl', 'Create', '{"ip_auth":"0002","ip_proxy":"0002","description":"1002","block_regex_caller":"","block_regex_callee":"^(00|\\\\\\\\+84|1900|1800).*","allow_regex_caller":"","allow_regex_callee":"^[0-9]{8,16}.*"}', '2018-03-06 22:21:59'),
	(65, 2, 10405, 1, 'routing', 'Create', '{"direction":1,"caller":"0888222222","callee":null,"i_acl":10299,"i_acl_backup":10299,"destination":"10.50.245.95:5060","priority":10,"i_customer":1,"i_vendor":2,"network":1,"description":"1002","i_sip_profile":1}', '2018-03-06 22:21:59'),
	(67, 2, 10407, 1, 'routing', 'Create', '{"direction":2,"caller":null,"callee":"0888222222","i_acl":1,"i_acl_backup":0,"destination":"10002","priority":10,"i_customer":1,"i_vendor":0,"network":2,"description":"1002","i_sip_profile":2}', '2018-03-06 22:21:59'),
	(69, 2, 1, 1, 'hotline_number', 'Update Sip', '{"sip_config":"2018-03-06 22:21:59","hotline_number":"0888222222"}', '2018-03-06 22:21:59'),
	(71, 2, 1, 1, 'hotline_number', 'Update Delete Sip config', '{"status":2,"updated_at":"2018-03-06","cus_id":1,"sip_config":null}', '2018-03-06 22:22:15'),
	(73, 2, 10299, 0, 'sbc.acl', 'Delete ACL', '{"id":10299,"deleted_at":"2018-03-06","hot_line":"0888222222","cus_id":1}', '2018-03-06 22:22:15'),
	(75, 2, 0, 1, 'sbc.routing', 'Delete Routing', '{"deleted_at":"2018-03-06","hot_line":"0888222222","cus_id":1}', '2018-03-06 22:22:15'),
	(77, 1, 0, 0, 'service_option_price', 'Created', '{"service_config_id":"1","enterprise_number":"09821112221","status":"0","id":3,"num_agent":0,"updated_at":"2018-03-06 23:02:49","begin_charge_date":{"date":"2018-03-07 23:02:49.000000","timezone_type":3,"timezone":"Asia\\/Ho_Chi_Minh"}}', '2018-03-06 23:02:49'),
	(79, 1, 3, 3, 'customers', 'Create', '{"cus_name":"V-connect Sample","companyname":"Vconnect","taxcode":"V00992221","licenseno":"V00992221","issuedby":"Hapi","dateofissue":"2018-1-21","firstname":null,"midinit":null,"lastname":null,"enterprise_number":"09821112221","addr":"Hanoi","city":null,"state":null,"zip":null,"country":null,"phone1":"098218877662111","phone2":null,"email":"email@gmail.com","bcc":null,"send_statistics":null,"blocked":"0","capacity":null,"description":null,"service_id":"1","created_at":"2018-03-06 23:02:49","updated_at":"2018-03-06 23:02:49","amid":"1","amname":"agent","agencyid":"2","regionid":"2","cus_id":3}', '2018-03-06 23:02:49'),
	(81, 2, 1, 0, 'service_config_hotline_price', 'Soft Delete', '{"status":2,"updated_at":"2018-03-06 23:09:13"}', '2018-03-06 23:09:13'),
	(83, 2, 1, 1, 'service_config_hotline_price', 'Update', '{"service_config_id":"1","from_hotline_num":"0","to_hotline_num":"-1","price":"49000","init_price":"0","updated_at":"2018-03-06 23:09:23","status":0}', '2018-03-06 23:09:23'),
	(85, 2, 5, 0, 'call_fee_config', 'Soft Delete', '{"status":2,"updated_at":"2018-03-06 23:09:27"}', '2018-03-06 23:09:27'),
	(87, 2, 5, 1, 'call_fee_config', 'Update', '{"service_config_id":"1","from_min":"0","to_min":"-1","type":"1","call_fees":"200","call_type":"1","updated_at":"2018-03-06 23:09:31","status":0}', '2018-03-06 23:09:31'),
	(89, 2, 3, 3, 'customers', 'Update', '{"cus_name":"V-connect Sample","companyname":"Vconnect","taxcode":"V00992221","licenseno":"V00992221","issuedby":"Hapi","dateofissue":"2018-01-21 00:00:00","firstname":null,"midinit":null,"lastname":null,"enterprise_number":"09821112221","addr":"Hanoi","city":null,"state":null,"zip":null,"country":null,"phone1":"098218877662111","phone2":null,"email":"email@gmail.com","bcc":null,"send_statistics":null,"blocked":"0","capacity":null,"description":null,"service_id":"1","updated_at":"2018-03-06 23:11:43","amid":1,"amname":"agent","agencyid":2,"regionid":2}', '2018-03-06 23:11:44'),
	(91, 2, 3, 0, 'service_option_price', 'Update', '{"service_config_id":"1","enterprise_number":"09821112221","status":"0","id":3,"updated_at":"2018-03-06 23:11:43"}', '2018-03-06 23:11:44'),
	(93, 2, 3, 3, 'customers', 'Update', '{"cus_name":"V-connect Sample","companyname":"Vconnect","taxcode":"V00992221","licenseno":"V00992221","issuedby":"Hapi","dateofissue":"2018-01-21 00:00:00","firstname":null,"midinit":null,"lastname":null,"enterprise_number":"09821112221","addr":"Hanoi","city":null,"state":null,"zip":null,"country":null,"phone1":"098218877662111","phone2":null,"email":"email@gmail.com","bcc":null,"send_statistics":null,"blocked":"0","capacity":null,"description":null,"service_id":"1","updated_at":"2018-03-06 23:35:12","amid":1,"amname":"agent","agencyid":2,"regionid":2}', '2018-03-06 23:35:12'),
	(95, 2, 3, 0, 'service_option_price', 'Update', '{"service_config_id":"1","enterprise_number":"09821112221","status":"0","id":3,"updated_at":"2018-03-06 23:35:12"}', '2018-03-06 23:35:12'),
	(97, 2, 3, 3, 'customers', 'Update', '{"cus_name":"V-connect Sample","companyname":"Vconnect","taxcode":"V009922213","licenseno":"V00992221","issuedby":"Hapi","dateofissue":"2018-01-21 00:00:00","firstname":null,"midinit":null,"lastname":null,"enterprise_number":null,"addr":"Hanoi","city":null,"state":null,"zip":null,"country":null,"phone1":"098218877662111","phone2":null,"email":"email@gmail.com","bcc":null,"send_statistics":null,"blocked":"1","capacity":null,"description":null,"service_id":"1","updated_at":"2018-03-06 23:37:03","amid":1,"amname":"agent","agencyid":2,"regionid":2}', '2018-03-06 23:37:03'),
	(99, 1, 3, 3, 'customers', 'Update', '{"cus_name":"V-connect Sample","companyname":"Vconnect","taxcode":"V00992221","licenseno":"V00992221","issuedby":"Hapi","dateofissue":"2018-01-21 00:00:00","firstname":null,"midinit":null,"lastname":null,"enterprise_number":"09821112221a","addr":"Hanoi","city":null,"state":null,"zip":null,"country":null,"phone1":"098218877662111","phone2":null,"email":"email@gmail.com","bcc":null,"send_statistics":null,"blocked":"0","capacity":null,"description":null,"service_id":"1","updated_at":"2018-03-07 00:07:34","amid":"1","amname":"agent","agencyid":"2","regionid":"2"}', '2018-03-07 00:07:34'),
	(101, 1, 3, 3, 'customers', 'Update', '{"cus_name":"V-connect Sample","companyname":"Vconnect","taxcode":"V00992221","licenseno":"V00992221","issuedby":"Hapi","dateofissue":"2018-01-21 00:00:00","firstname":null,"midinit":null,"lastname":null,"enterprise_number":"09821112221a","addr":"Hanoi","city":null,"state":null,"zip":null,"country":null,"phone1":"098218877662111","phone2":null,"email":"email@gmail.com","bcc":null,"send_statistics":null,"blocked":"0","capacity":null,"description":null,"service_id":"1","updated_at":"2018-03-07 00:07:44","amid":"1","amname":"agent","agencyid":"2","regionid":"2"}', '2018-03-07 00:07:44'),
	(103, 1, 3, 3, 'customers', 'Update', '{"cus_name":"V-connect Sample","companyname":"Vconnect","taxcode":"V00992221","licenseno":"V00992221","issuedby":"Hapi","dateofissue":"2018-01-21 00:00:00","firstname":null,"midinit":null,"lastname":null,"enterprise_number":"09821112221a","addr":"Hanoi","city":null,"state":null,"zip":null,"country":null,"phone1":"098218877662111","phone2":null,"email":"email@gmail.com","bcc":null,"send_statistics":null,"blocked":"0","capacity":null,"description":null,"service_id":"1","updated_at":"2018-03-07 00:08:02","amid":"1","amname":"agent","agencyid":"2","regionid":"2"}', '2018-03-07 00:08:02'),
	(105, 2, 3, 0, 'customers', 'Update', '{"cus_name":"V connect Sample","companyname":"Vconnect","addr":"Hanoi","taxcode":"V00992221","licenseno":"V00992221","dateofissue":"2018-01-21 00:00:00","issuedby":"Hapi","phone1":"098218877662111","email":"email@gmail.com","service_id":"1","blocked":"1","amid":1,"amname":"agent","agencyid":2,"regionid":2,"updated_at":"2018-03-07 06:08:03"}', '2018-03-07 06:08:03'),
	(107, 2, 3, 0, 'customers', 'Update', '{"cus_name":"V connect Sample","companyname":"Vconnect","addr":"Hanoi","taxcode":"V00992221","licenseno":"V00992221","dateofissue":"2018-01-21 00:00:00","issuedby":"Hapi","phone1":"098218877662111","email":"email@gmail.com","service_id":"1","blocked":"1","amid":1,"amname":"agent","agencyid":2,"regionid":2,"updated_at":"2018-03-07 06:08:13"}', '2018-03-07 06:08:13'),
	(109, 2, 3, 0, 'customers', 'Update', '{"cus_name":"V connect Sample","companyname":"Vconnect","addr":"Hanoi","taxcode":"V00992221","licenseno":"V00992221","dateofissue":"2018-01-21 00:00:00","issuedby":"Hapi","phone1":"098218877662111","email":"email@gmail.com","service_id":"1","blocked":"1","amid":1,"amname":"agent","agencyid":2,"regionid":2,"updated_at":"2018-03-07 06:08:41"}', '2018-03-07 06:08:41'),
	(111, 2, 3, 0, 'customers', 'Update', '{"cus_name":"V connect Sample","companyname":"Vconnect","addr":"Hanoi","taxcode":"V00992221","licenseno":"V00992221","dateofissue":"2018-01-21 00:00:00","issuedby":"Hapi","phone1":"098218877662111","email":"email@gmail.com","service_id":"1","blocked":"1","amid":1,"amname":"agent","agencyid":2,"regionid":2,"updated_at":"2018-03-07 06:08:48"}', '2018-03-07 06:08:48'),
	(113, 2, 3, 0, 'customers', 'Update', '{"cus_name":"V connect Sample","companyname":"Vconnect","addr":"Hanoi","taxcode":"V00992221","licenseno":"V00992221","dateofissue":"2018-01-21 00:00:00","issuedby":"Hapi","phone1":"098218877662111","email":"email@gmail.com","service_id":"1","blocked":"1","amid":1,"amname":"agent","agencyid":2,"regionid":2,"updated_at":"2018-03-07 06:09:53"}', '2018-03-07 06:09:54'),
	(115, 2, 3, 0, 'customers', 'Update', '{"cus_name":"V connect Sample","companyname":"Vconnect","addr":"Hanoi","taxcode":"V00992221","licenseno":"V00992221","dateofissue":"2018-01-21 00:00:00","issuedby":"Hapi","phone1":"098218877662111","email":"email@gmail.com","service_id":"1","blocked":"1","amid":1,"amname":"agent","agencyid":2,"regionid":2,"updated_at":"2018-03-07 06:10:02"}', '2018-03-07 06:10:02'),
	(117, 2, 3, 0, 'customers', 'Update', '{"cus_name":"V connect Sample","companyname":"Vconnect","addr":"Hanoi","taxcode":"V00992221","licenseno":"V00992221","dateofissue":"2018-01-21 00:00:00","issuedby":"Hapi","phone1":"098218877662111","email":"email@gmail.com","service_id":"1","blocked":"1","amid":1,"amname":"agent","agencyid":2,"regionid":2,"updated_at":"2018-03-07 06:10:46"}', '2018-03-07 06:10:46'),
	(119, 2, 3, 0, 'customers', 'Update', '{"cus_name":"V connect Sample","companyname":"Vconnect","addr":"Hanoi","taxcode":"V00992221","licenseno":"V00992221","dateofissue":"2018-01-21 00:00:00","issuedby":"Hapi","phone1":"098218877662111","email":"email@gmail.com","service_id":"1","blocked":"1","amid":1,"amname":"agent","agencyid":2,"regionid":2,"updated_at":"2018-03-07 06:11:44"}', '2018-03-07 06:11:44'),
	(121, 2, 3, 0, 'customers', 'Update', '{"cus_name":"V connect Sample","companyname":"Vconnect","addr":"Hanoi","taxcode":"V00992221","licenseno":"V00992221","dateofissue":"2018-01-21 00:00:00","issuedby":"Hapi","phone1":"098218877662111","email":"email@gmail.com","service_id":"1","blocked":"1","amid":1,"amname":"agent","agencyid":2,"regionid":2,"updated_at":"2018-03-07 06:14:19"}', '2018-03-07 06:14:19'),
	(123, 2, 3, 0, 'customers', 'Update', '{"cus_name":"V connect Sample","companyname":"Vconnect","addr":"Hanoi","taxcode":"V00992221","licenseno":"V00992221","dateofissue":"2018-01-21 00:00:00","issuedby":"Hapi","phone1":"098218877662111","email":"email@gmail.com","service_id":"1","blocked":"1","amid":1,"amname":"agent","agencyid":2,"regionid":2,"updated_at":"2018-03-07 06:14:31"}', '2018-03-07 06:14:31'),
	(125, 2, 0, 0, 'service_option_price', 'Created', '{"service_config_id":"1","enterprise_number":"09821112221a","status":"1","id":3,"num_agent":0,"updated_at":"2018-03-07 06:14:31","begin_charge_date":{"date":"2018-03-08 06:14:31.000000","timezone_type":3,"timezone":"Asia\\/Ho_Chi_Minh"}}', '2018-03-07 06:14:31'),
	(127, 2, 3, 0, 'customers', 'Update', '{"cus_name":"V connect Sample","companyname":"Vconnect","addr":"Hanoi","taxcode":"V00992221","licenseno":"V00992221","dateofissue":"2018-01-21 00:00:00","issuedby":"Hapi","phone1":"098218877662111","email":"email@gmail.com","service_id":"1","blocked":"1","amid":1,"amname":"agent","agencyid":2,"regionid":2,"updated_at":"2018-03-07 06:14:41"}', '2018-03-07 06:14:41'),
	(129, 2, 3, 0, 'service_option_price', 'Update', '{"service_config_id":"1","enterprise_number":"09821112221a","status":"1","id":3,"updated_at":"2018-03-07 06:14:41"}', '2018-03-07 06:14:41'),
	(131, 2, 3, 0, 'customers', 'Update', '{"cus_name":"V connect Sample","companyname":"Vconnect","addr":"Hanoi","taxcode":"V00992221","licenseno":"V00992221","dateofissue":"2018-01-21 00:00:00","issuedby":"Hapi","phone1":"098218877662111","email":"email@gmail.com","service_id":"1","blocked":"1","amid":1,"amname":"agent","agencyid":2,"regionid":2,"updated_at":"2018-03-07 06:14:42"}', '2018-03-07 06:14:42'),
	(133, 2, 3, 0, 'service_option_price', 'Update', '{"service_config_id":"1","enterprise_number":"09821112221a","status":"1","id":3,"updated_at":"2018-03-07 06:14:42"}', '2018-03-07 06:14:42'),
	(135, 2, 3, 0, 'customers', 'Update', '{"cus_name":"V connect Sample","companyname":"Vconnect","addr":"Hanoi","taxcode":"V00992221","licenseno":"V00992221","dateofissue":"2018-01-21 00:00:00","issuedby":"Hapi","phone1":"098218877662111","email":"email@gmail.com","service_id":"1","blocked":"2","amid":1,"amname":"agent","agencyid":2,"regionid":2,"updated_at":"2018-03-07 06:14:48"}', '2018-03-07 06:14:48'),
	(137, 2, 3, 0, 'service_option_price', 'Update', '{"service_config_id":"1","enterprise_number":"09821112221a","status":"2","id":3,"updated_at":"2018-03-07 06:14:48"}', '2018-03-07 06:14:48'),
	(139, 2, 3, 0, 'customers', 'Update', '{"cus_name":"V connect Sample","companyname":"Vconnect","addr":"Hanoi","taxcode":"V00992221","licenseno":"V00992221","dateofissue":"2018-01-21 00:00:00","issuedby":"Hapi","phone1":"098218877662111","email":"email@gmail.com","service_id":"1","blocked":"2","amid":1,"amname":"agent","agencyid":2,"regionid":2,"updated_at":"2018-03-07 06:27:31"}', '2018-03-07 06:27:31'),
	(141, 2, 3, 0, 'customers', 'Update', '{"cus_name":"V connect Sample","companyname":"Vconnect","addr":"Hanoi","taxcode":"V00992221","licenseno":"V00992221","dateofissue":"2018-01-21 00:00:00","issuedby":"Hapi","phone1":"098218877662111","email":"email@gmail.com","service_id":"1","blocked":"2","amid":1,"amname":"agent","agencyid":2,"regionid":2,"updated_at":"2018-03-07 06:27:53"}', '2018-03-07 06:27:53'),
	(143, 2, 3, 0, 'enterprise_number', 'Update', '{"service_config_id":"1","enterprise_number":"09821112221a","status":"2","id":3,"updated_at":"2018-03-07 06:27:53"}', '2018-03-07 06:27:53'),
	(145, 2, 3, 0, 'customers', 'Update', '{"cus_name":"V connect Sample","companyname":"Vconnect","addr":"Hanoi","taxcode":"V00992221","licenseno":"V00992221","dateofissue":"2018-01-21 00:00:00","issuedby":"Hapi","phone1":"098218877662111","email":"email@gmail.com","service_id":"1","blocked":"1","amid":1,"amname":"agent","agencyid":2,"regionid":2,"updated_at":"2018-03-07 06:28:04"}', '2018-03-07 06:28:04'),
	(147, 2, 3, 0, 'enterprise_number', 'Update', '{"service_config_id":"1","enterprise_number":"09821112221a","status":"1","id":3,"updated_at":"2018-03-07 06:28:04"}', '2018-03-07 06:28:04'),
	(149, 2, 3, 0, 'customers', 'Update', '{"cus_name":"V connect Sample","companyname":"Vconnect","addr":"Hanoi","taxcode":"V00992221","licenseno":"V00992221","dateofissue":"2018-01-21 00:00:00","issuedby":"Hapi","phone1":"098218877662111","email":"email@gmail.com","service_id":"1","blocked":"1","amid":1,"amname":"agent","agencyid":2,"regionid":2,"updated_at":"2018-03-07 06:28:22"}', '2018-03-07 06:28:22'),
	(151, 2, 3, 0, 'enterprise_number', 'Update', '{"service_config_id":"1","enterprise_number":"09821112221a","status":"1","id":3,"updated_at":"2018-03-07 06:28:22"}', '2018-03-07 06:28:22'),
	(153, 2, 3, 0, 'customers', 'Update', '{"cus_name":"V connect Sample","companyname":"Vconnect","addr":"Hanoi","taxcode":"V00992221","licenseno":"V00992221","dateofissue":"2018-01-21 00:00:00","issuedby":"Hapi","phone1":"098218877662111","email":"email@gmail.com","service_id":"1","blocked":"1","amid":1,"amname":"agent","agencyid":2,"regionid":2,"enterprise_number":"09821112221B","updated_at":"2018-03-07 06:31:34"}', '2018-03-07 06:31:34'),
	(155, 2, 3, 0, 'enterprise_number', 'Update', '{"service_config_id":"1","enterprise_number":"09821112221a","status":"1","id":3,"updated_at":"2018-03-07 06:31:34"}', '2018-03-07 06:31:34'),
	(157, 2, 3, 0, 'customers', 'Update', '{"cus_name":"V connect Sample","companyname":"Vconnect","addr":"Hanoi","taxcode":"V00992221","licenseno":"V00992221","dateofissue":"2018-01-21 00:00:00","issuedby":"Hapi","phone1":"098218877662111","email":"email@gmail.com","service_id":"1","blocked":"1","amid":1,"amname":"agent","agencyid":2,"regionid":2,"enterprise_number":"09821112221BC","updated_at":"2018-03-07 06:33:32"}', '2018-03-07 06:33:32'),
	(159, 2, 3, 0, 'enterprise_number', 'Update', '{"service_config_id":"1","enterprise_number":"09821112221B","status":"1","id":3,"updated_at":"2018-03-07 06:33:32"}', '2018-03-07 06:33:32'),
	(161, 2, 3, 0, 'customers', 'Update', '{"cus_name":"V connect Sample","companyname":"Vconnect","addr":"Hanoi","taxcode":"V00992221","licenseno":"V00992221","dateofissue":"2018-01-21 00:00:00","issuedby":"Hapi","phone1":"098218877662111","email":"email@gmail.com","service_id":"1","blocked":"1","amid":1,"amname":"agent","agencyid":2,"regionid":2,"enterprise_number":"09821112221BCD","updated_at":"2018-03-07 06:36:02"}', '2018-03-07 06:36:02'),
	(163, 2, 3, 0, 'enterprise_number', 'Update', '{"service_config_id":"1","enterprise_number":"09821112221BCD","status":"1","id":3,"updated_at":"2018-03-07 06:36:02"}', '2018-03-07 06:36:02'),
	(165, 2, 5, 0, 'service_subcriber', 'Created', '{"service_config_id":"1","enterprise_number":"A0992112211","status":"1","id":5,"num_agent":0,"updated_at":"2018-03-07 06:37:41","begin_charge_date":{"date":"2018-03-08 06:37:41.000000","timezone_type":3,"timezone":"Asia\\/Ho_Chi_Minh"}}', '2018-03-07 06:37:41'),
	(167, 2, 5, 5, 'customers', 'Create', '{"cus_name":"Vconnet2","companyname":"Cong ty B","taxcode":"098222111","licenseno":"9988222","issuedby":"Ha noi","dateofissue":"2018\\/2\\/11","firstname":null,"midinit":null,"lastname":null,"enterprise_number":"A0992112211","addr":"HN","city":null,"state":null,"zip":null,"country":null,"phone1":null,"phone2":null,"email":"aconnect@gmail.com","bcc":null,"send_statistics":null,"blocked":"1","capacity":null,"description":null,"service_id":"1","created_at":"2018-03-07 06:37:41","updated_at":"2018-03-07 06:37:41","amid":null,"amname":null,"agencyid":null,"regionid":null,"cus_id":5}', '2018-03-07 06:37:41'),
	(169, 2, NULL, NULL, 'customers', 'Lock/Unlock/Temporary Lock', '{"updated_at":"2018-03-07 06:46:07","blocked":0,"id":null}', '2018-03-07 06:46:07'),
	(171, 2, NULL, NULL, 'service_subcriber', 'Lock/Unlock/Temporary Lock', '{"updated_at":"2018-03-07 06:46:07","status":0,"id":null}', '2018-03-07 06:46:07'),
	(173, 2, 3, 3, 'customers', 'Lock/Unlock/Temporary Lock', '{"blocked":2,"enterprise_number":"09821112221BCD","updated_at":"2018-03-07 06:48:51"}', '2018-03-07 06:48:51'),
	(175, 2, 3, 3, 'service_subcriber', 'Lock/Unlock/Temporary Lock', '{"updated_at":"2018-03-07 06:48:51","status":2,"id":3}', '2018-03-07 06:48:51'),
	(177, 1, 5, 5, 'customers', 'Lock/Unlock/Temporary Lock', '{"blocked":"1","enterprise_number":"A0992112211","updated_at":"2018-03-07 06:49:33"}', '2018-03-07 06:49:33'),
	(179, 1, 5, 5, 'service_subcriber', 'Lock/Unlock/Temporary Lock', '{"updated_at":"2018-03-07 06:49:33","status":"1","id":5}', '2018-03-07 06:49:33'),
	(181, 2, 5, 1, 'hot_line_config', 'Create', '{"cus_id":1,"hotline_number":"092221112","init_charge":0,"enterprise_number":"0888222222","status":"0","created_at":"2018-03-07 07:21:21","updated_at":"2018-03-07 07:21:21"}', '2018-03-07 07:21:21'),
	(183, 2, 7, 1, 'hot_line_config', 'Create', '{"cus_id":1,"hotline_number":"098222112","init_charge":0,"enterprise_number":"0888222222","status":"0","created_at":"2018-03-07 07:22:47","updated_at":"2018-03-07 07:22:47"}', '2018-03-07 07:22:47'),
	(185, 2, 9, 1, 'hot_line_config', 'Create', '{"cus_id":1,"hotline_number":"00987221122","init_charge":0,"enterprise_number":"0888222222","status":"0","created_at":"2018-03-07 07:22:47","updated_at":"2018-03-07 07:22:47"}', '2018-03-07 07:22:47'),
	(187, 2, 11, 1, 'hot_line_config', 'Create', '{"cus_id":1,"hotline_number":"0982221122","init_charge":0,"enterprise_number":"0888222222","status":"0","created_at":"2018-03-07 07:24:18","updated_at":"2018-03-07 07:24:18"}', '2018-03-07 07:24:18'),
	(189, 2, 13, 1, 'hot_line_config', 'Create', '{"cus_id":1,"hotline_number":"098222112","init_charge":0,"enterprise_number":"0888222222","status":"0","created_at":"2018-03-07 07:32:06","updated_at":"2018-03-07 07:32:06"}', '2018-03-07 07:32:06'),
	(191, 1, 15, 1, 'hot_line_config', 'Create', '{"cus_id":"1","hotline_number":"098222112","init_charge":0,"enterprise_number":"0888222222","status":"0","created_at":"2018-03-07 09:41:56","updated_at":"2018-03-07 09:41:56"}', '2018-03-07 09:41:56'),
	(193, 1, 10301, 1, 'sbc.acl', 'Create', '{"ip_auth":"10.0.0.11111aa","ip_proxy":"10.0.0.11111aa","description":"10.0.0.11111aa","block_regex_caller":"","block_regex_callee":"^(00|\\\\\\\\+84|1900|1800).*","allow_regex_caller":"","allow_regex_callee":"^[0-9]{8,16}.*"}', '2018-03-07 09:44:20'),
	(195, 1, 10409, 1, 'routing', 'Create', '{"direction":1,"caller":"098222112","callee":null,"i_acl":10301,"i_acl_backup":10301,"destination":"10.50.245.95:5060","priority":10,"i_customer":"1","i_vendor":2,"network":1,"description":"10.0.0.11111aa","i_sip_profile":1}', '2018-03-07 09:44:20'),
	(197, 1, 10411, 1, 'routing', 'Create', '{"direction":2,"caller":null,"callee":"098222112","i_acl":1,"i_acl_backup":0,"destination":"10.0.0.11111aa","priority":10,"i_customer":"1","i_vendor":0,"network":2,"description":"10.0.0.11111aa","i_sip_profile":2}', '2018-03-07 09:44:20'),
	(199, 1, 7, 1, 'hotline_number', 'Update Sip', '{"sip_config":"2018-03-07 09:44:20","hotline_number":"098222112"}', '2018-03-07 09:44:20'),
	(201, 1, 10301, 1, 'sbc.acl', 'Update', '{"ip_auth":"10.0.0.11111aa","ip_proxy":"10.0.0.11111aa","description":"10.0.0.11111aa","block_regex_caller":"","block_regex_callee":"^(00|\\\\\\\\+84|1900|1800).*","allow_regex_caller":"","allow_regex_callee":"^[0-9]{8,16}.*"}', '2018-03-07 09:44:34'),
	(203, 1, 98222112, 1, 'sbc.routing', 'Update', '{"direction":1,"caller":"098222112","callee":null,"i_acl":"10301","i_acl_backup":"10301","destination":"10.50.245.95:5060","priority":10,"i_customer":"1","i_vendor":2,"network":1,"description":"10.0.0.11111aa","i_sip_profile":1}', '2018-03-07 09:44:34'),
	(205, 1, 98222112, 1, 'sbc.routing', 'Update', '{"direction":2,"caller":null,"callee":"098222112","i_acl":1,"i_acl_backup":0,"destination":"10.0.0.11111aa","priority":10,"i_customer":"1","i_vendor":0,"network":2,"description":"10.0.0.11111aa","i_sip_profile":2}', '2018-03-07 09:44:34'),
	(207, 1, 7, 1, 'hotline_number', 'Update Sip', '{"sip_config":"2018-03-07 09:44:34","hotline_number":"098222112"}', '2018-03-07 09:44:34'),
	(209, 1, 10301, 1, 'sbc.acl', 'Update', '{"ip_auth":"10.0.0.11111aa","ip_proxy":"10.0.0.11111aa","description":"10.0.0.11111aa","block_regex_caller":"","block_regex_callee":"^(00|\\\\\\\\+84|1900|1800).*","allow_regex_caller":"","allow_regex_callee":"^[0-9]{8,16}.*"}', '2018-03-07 09:44:42'),
	(211, 1, 98222112, 1, 'sbc.routing', 'Update', '{"direction":1,"caller":"098222112","callee":null,"i_acl":"10301","i_acl_backup":"10301","destination":"10.50.245.95:5060","priority":10,"i_customer":"1","i_vendor":2,"network":1,"description":"10.0.0.11111aa","i_sip_profile":1}', '2018-03-07 09:44:42'),
	(213, 1, 98222112, 1, 'sbc.routing', 'Update', '{"direction":2,"caller":null,"callee":"098222112","i_acl":1,"i_acl_backup":0,"destination":"10.0.0.11111aa","priority":10,"i_customer":"1","i_vendor":0,"network":2,"description":"10.0.0.11111aa","i_sip_profile":2}', '2018-03-07 09:44:42'),
	(215, 1, 7, 1, 'hotline_number', 'Update Sip', '{"sip_config":"2018-03-07 09:44:42","hotline_number":"098222112"}', '2018-03-07 09:44:42'),
	(217, 1, 10303, 1, 'sbc.acl', 'Create', '{"ip_auth":"1121-211--1","ip_proxy":"1121-211--1","description":"1121-211--1","block_regex_caller":"","block_regex_callee":"^(00|\\\\\\\\+84|1900|1800).*","allow_regex_caller":"","allow_regex_callee":"^[0-9]{8,16}.*"}', '2018-03-07 09:46:01'),
	(219, 1, 10413, 1, 'routing', 'Create', '{"direction":1,"caller":"0982221122","callee":null,"i_acl":10303,"i_acl_backup":10303,"destination":"10.50.245.95:5060","priority":10,"i_customer":"1","i_vendor":2,"network":1,"description":"1121-211--1","i_sip_profile":1}', '2018-03-07 09:46:01'),
	(221, 1, 10415, 1, 'routing', 'Create', '{"direction":2,"caller":null,"callee":"0982221122","i_acl":1,"i_acl_backup":0,"destination":"1121-211--1","priority":10,"i_customer":"1","i_vendor":0,"network":2,"description":"1121-211--1","i_sip_profile":2}', '2018-03-07 09:46:01'),
	(223, 1, 11, 1, 'hotline_number', 'Update Sip', '{"sip_config":"2018-03-07 09:46:01","hotline_number":"0982221122"}', '2018-03-07 09:46:01'),
	(225, 2, 10303, 1, 'sbc.acl', 'Update', '{"ip_auth":"1121-211--1","ip_proxy":"10.0.0.1","description":"10.0.0.1:200","block_regex_caller":"","block_regex_callee":"^(00|\\\\\\\\+84|1900|1800).*","allow_regex_caller":"","allow_regex_callee":"^[0-9]{8,16}.*"}', '2018-03-07 10:18:58'),
	(227, 2, 0, 1, 'sbc.routing', 'Update', '{"direction":1,"caller":"0982221122","callee":null,"i_acl":10303,"i_acl_backup":10303,"destination":"10.50.245.95:5060","priority":10,"i_customer":1,"i_vendor":2,"network":1,"description":"10.0.0.1:200","i_sip_profile":1}', '2018-03-07 10:18:58'),
	(229, 2, 0, 1, 'sbc.routing', 'Update', '{"direction":2,"caller":null,"callee":"0982221122","i_acl":1,"i_acl_backup":0,"destination":"121212","priority":10,"i_customer":1,"i_vendor":0,"network":2,"description":"10.0.0.1:200","i_sip_profile":2}', '2018-03-07 10:18:58'),
	(231, 2, 11, 0, 'hotline_number', 'Update Sip', '{"sip_config":"2018-03-07 10:18:58","id":11,"hotline_number":"0982221122"}', '2018-03-07 10:18:58'),
	(233, 2, 10301, 1, 'sbc.acl', 'Update', '{"ip_auth":"10.0.0.11111aa","ip_proxy":"10.0.0.11111aa","description":"10.0.0.11111aa","block_regex_caller":"","block_regex_callee":"^(00|\\\\\\\\+84|1900|1800).*","allow_regex_caller":"","allow_regex_callee":"^[0-9]{8,16}.*"}', '2018-03-07 10:19:47'),
	(235, 2, 0, 1, 'sbc.routing', 'Update', '{"direction":1,"caller":"098222112","callee":null,"i_acl":10301,"i_acl_backup":10301,"destination":"10.50.245.95:5060","priority":10,"i_customer":1,"i_vendor":2,"network":1,"description":"10.0.0.11111aa","i_sip_profile":1}', '2018-03-07 10:19:47'),
	(237, 2, 0, 1, 'sbc.routing', 'Update', '{"direction":2,"caller":null,"callee":"098222112","i_acl":1,"i_acl_backup":0,"destination":"10.0.0.11111aa","priority":10,"i_customer":1,"i_vendor":0,"network":2,"description":"10.0.0.11111aa","i_sip_profile":2}', '2018-03-07 10:19:47'),
	(239, 2, 7, 0, 'hotline_number', 'Update Sip', '{"sip_config":"2018-03-07 10:19:47","id":7,"hotline_number":"098222112"}', '2018-03-07 10:19:47'),
	(241, 2, 10305, 1, 'sbc.acl', 'Create', '{"ip_auth":"10.0.0.1","ip_proxy":null,"description":"1111","block_regex_caller":"","block_regex_callee":"^(00|\\\\\\\\+84|1900|1800).*","allow_regex_caller":"","allow_regex_callee":"^[0-9]{8,16}.*"}', '2018-03-07 10:19:55'),
	(243, 2, 10417, 0, 'routing', 'Create', '{"direction":1,"caller":"00987221122","callee":null,"i_acl":10305,"i_acl_backup":10305,"destination":"10.50.245.95:5060","priority":10,"i_customer":1,"i_vendor":2,"network":1,"description":"1111","i_sip_profile":1}', '2018-03-07 10:19:55'),
	(245, 2, 10419, 0, 'routing', 'Create', '{"direction":2,"caller":null,"callee":"00987221122","i_acl":1,"i_acl_backup":0,"destination":"10.0.0.1","priority":10,"i_customer":1,"i_vendor":0,"network":2,"description":"1111","i_sip_profile":2}', '2018-03-07 10:19:55'),
	(247, 2, 9, 0, 'hotline_number', 'Update Sip', '{"sip_config":"2018-03-07 10:19:55","id":9,"hotline_number":"00987221122"}', '2018-03-07 10:19:55'),
	(249, 2, 1, 0, 'customers', 'Update', '{"cus_name":"Vi\\u1ec7t","companyname":"CS","addr":"CS","taxcode":"123123","licenseno":"511","dateofissue":"2018\\/1\\/21","issuedby":null,"phone1":null,"email":"cs@a.c","service_id":"1","blocked":"1","amid":null,"amname":null,"agencyid":null,"regionid":null,"updated_at":"2018-03-07 11:26:33"}', '2018-03-07 11:26:34'),
	(251, 2, 1, 0, 'enterprise_number', 'Update', '{"service_config_id":"1","enterprise_number":"0888222222","status":"1","id":1,"updated_at":"2018-03-07 11:26:34"}', '2018-03-07 11:26:34'),
	(253, 2, 1, 0, 'customers', 'Update', '{"cus_name":"Vi\\u1ec7t","companyname":"CS","addr":"CS","taxcode":"123123","licenseno":"511","dateofissue":"2018-01-21 00:00:00","issuedby":null,"phone1":null,"email":"cs@a.c","service_id":1,"blocked":"1","amid":null,"amname":null,"agencyid":null,"regionid":null,"updated_at":"2018-03-07 11:28:00"}', '2018-03-07 11:28:00'),
	(255, 2, 1, 0, 'enterprise_number', 'Update', '{"service_config_id":1,"enterprise_number":"0888222222","status":"1","id":1,"updated_at":"2018-03-07 11:28:00"}', '2018-03-07 11:28:00'),
	(257, 2, 0, 1, 'hotline_config', 'Update', '{"enterprise_number":"0888222222","updated_at":"2018-03-07 11:28:00"}', '2018-03-07 11:28:00'),
	(259, 2, 1, 0, 'customers', 'Update', '{"cus_name":"Vi\\u1ec7t","companyname":"CS","addr":"CS","taxcode":"123123","licenseno":"511","dateofissue":"2018-01-21 00:00:00","issuedby":null,"phone1":null,"email":"cs@a.c","service_id":"1","blocked":"1","amid":null,"amname":null,"agencyid":null,"regionid":null,"updated_at":"2018-03-07 11:28:12"}', '2018-03-07 11:28:12'),
	(261, 2, 1, 0, 'enterprise_number', 'Update', '{"service_config_id":"1","enterprise_number":"0888222222","status":"1","id":1,"updated_at":"2018-03-07 11:28:12"}', '2018-03-07 11:28:12'),
	(263, 2, 0, 1, 'hotline_config', 'Update', '{"enterprise_number":"0888222222","updated_at":"2018-03-07 11:28:12"}', '2018-03-07 11:28:12'),
	(265, 2, 1, 0, 'customers', 'Update', '{"cus_name":"Vi\\u1ec7t","companyname":"CS","addr":"CS","taxcode":"123123","licenseno":"511","dateofissue":"2018-01-21 00:00:00","issuedby":null,"phone1":null,"email":"cs@a.c","service_id":1,"blocked":1,"amid":null,"amname":null,"agencyid":null,"regionid":null,"updated_at":"2018-03-07 11:36:57"}', '2018-03-07 11:36:57'),
	(267, 2, 1, 0, 'enterprise_number', 'Update', '{"service_config_id":1,"enterprise_number":"0888222222","status":1,"id":1,"updated_at":"2018-03-07 11:36:57"}', '2018-03-07 11:36:57'),
	(269, 2, 0, 1, 'hotline_config', 'Update', '{"enterprise_number":"0888222222","updated_at":"2018-03-07 11:36:57"}', '2018-03-07 11:36:57'),
	(271, 1, 1, 1, 'customers', 'Lock/Unlock/Temporary Lock', '{"updated_at":"2018-03-07 14:24:22","blocked":0,"id":"1"}', '2018-03-07 14:24:22'),
	(273, 1, 1, 1, 'service_subcriber', 'Lock/Unlock/Temporary Lock', '{"updated_at":"2018-03-07 14:24:22","status":0,"id":"1"}', '2018-03-07 14:24:22'),
	(275, 1, 1, 1, 'customers', 'Lock/Unlock/Temporary Lock', '{"updated_at":"2018-03-07 14:24:27","blocked":1,"id":"1"}', '2018-03-07 14:24:27'),
	(277, 1, 1, 1, 'service_subcriber', 'Lock/Unlock/Temporary Lock', '{"updated_at":"2018-03-07 14:24:27","status":1,"id":"1"}', '2018-03-07 14:24:27'),
	(279, 1, 5, 5, 'customers', 'Lock/Unlock/Temporary Lock', '{"updated_at":"2018-03-07 14:26:19","blocked":0,"id":"5"}', '2018-03-07 14:26:19'),
	(281, 1, 5, 5, 'service_subcriber', 'Lock/Unlock/Temporary Lock', '{"updated_at":"2018-03-07 14:26:19","status":0,"id":"5"}', '2018-03-07 14:26:19'),
	(283, 1, 5, 5, 'customers', 'Lock/Unlock/Temporary Lock', '{"updated_at":"2018-03-07 14:26:21","blocked":1,"id":"5"}', '2018-03-07 14:26:21'),
	(285, 1, 5, 5, 'service_subcriber', 'Lock/Unlock/Temporary Lock', '{"updated_at":"2018-03-07 14:26:21","status":1,"id":"5"}', '2018-03-07 14:26:21'),
	(287, 1, 5, 5, 'customers', 'Lock/Unlock/Temporary Lock', '{"updated_at":"2018-03-07 14:32:24","blocked":0,"id":"5"}', '2018-03-07 14:32:24'),
	(289, 1, 5, 5, 'service_subcriber', 'Lock/Unlock/Temporary Lock', '{"updated_at":"2018-03-07 14:32:24","status":0,"id":"5"}', '2018-03-07 14:32:24'),
	(291, 2, 1, 1, 'customers', 'Lock/Unlock/Temporary Lock', '{"blocked":0,"enterprise_number":"0888222222","updated_at":"2018-03-09 15:52:27"}', '2018-03-09 15:52:27'),
	(293, 2, 1, 1, 'service_subcriber', 'Lock/Unlock/Temporary Lock', '{"updated_at":"2018-03-09 15:52:27","status":0,"id":"1"}', '2018-03-09 15:52:27'),
	(295, 2, 1, 1, 'customers', 'Lock/Unlock/Temporary Lock', '{"blocked":2,"enterprise_number":"0888222222","updated_at":"2018-03-09 15:52:33"}', '2018-03-09 15:52:33'),
	(297, 2, 1, 1, 'service_subcriber', 'Lock/Unlock/Temporary Lock', '{"updated_at":"2018-03-09 15:52:33","status":2,"id":"1"}', '2018-03-09 15:52:33'),
	(298, 2, 1, 1, 'customers', 'Lock/Unlock/Temporary Lock', '{"blocked":0,"enterprise_number":"0888222222","updated_at":"2018-03-13 23:13:18"}', '2018-03-13 23:13:18'),
	(300, 2, 1, 1, 'service_subcriber', 'Lock/Unlock/Temporary Lock', '{"updated_at":"2018-03-13 23:13:18","status":0,"id":"1"}', '2018-03-13 23:13:18'),
	(302, 2, 7, 1, 'hotline_number', 'Update Delete Sip config', '{"status":2,"updated_at":"2018-03-13","cus_id":"1","sip_config":null}', '2018-03-13 23:14:34'),
	(304, 2, 10301, 0, 'sbc.acl', 'Delete ACL', '{"id":"10301","deleted_at":"2018-03-13","hot_line":"098222112","cus_id":"1"}', '2018-03-13 23:14:34'),
	(306, 2, 0, 1, 'sbc.routing', 'Delete Routing', '{"deleted_at":"2018-03-13","hot_line":"098222112","cus_id":"1"}', '2018-03-13 23:14:34'),
	(308, 2, 7, 1, 'hotline_number', 'Update Delete Sip config', '{"status":2,"updated_at":"2018-03-13","cus_id":"1","sip_config":null}', '2018-03-13 23:14:36'),
	(310, 2, 7, 1, 'hotline_number', 'Update Delete Sip config', '{"status":2,"updated_at":"2018-03-13","cus_id":"1","sip_config":null}', '2018-03-13 23:14:36'),
	(312, 2, 10306, 1, 'sbc.acl', 'Create', '{"ip_auth":"210.245.26.14","ip_proxy":null,"description":"ko","block_regex_caller":"","block_regex_callee":"^(00|\\\\\\\\+84|1900|1800).*","allow_regex_caller":"","allow_regex_callee":"^[0-9]{8,16}.*"}', '2018-03-13 23:34:45'),
	(314, 2, 10420, 0, 'routing', 'Create', '{"direction":1,"caller":"01626932396","callee":null,"i_acl":10306,"i_acl_backup":10306,"destination":"10.50.245.95:5060","priority":10,"i_customer":"1","i_vendor":2,"network":1,"description":"ko","i_sip_profile":1}', '2018-03-13 23:34:45'),
	(316, 2, 10422, 0, 'routing', 'Create', '{"direction":2,"caller":null,"callee":"01626932396","i_acl":1,"i_acl_backup":0,"destination":"210.245.26.14","priority":10,"i_customer":"1","i_vendor":0,"network":2,"description":"ko","i_sip_profile":2}', '2018-03-13 23:34:45'),
	(318, 2, 5, 0, 'hotline_number', 'Update Sip', '{"sip_config":"2018-03-13 23:34:45","id":"5","hotline_number":"01626932396"}', '2018-03-13 23:34:45'),
	(320, 2, 10306, 1, 'sbc.acl', 'Update', '{"ip_auth":"210.245.26.14:5060","ip_proxy":null,"description":"ko","block_regex_caller":"","block_regex_callee":"^(00|\\\\\\\\+84|1900|1800).*","allow_regex_caller":"","allow_regex_callee":"^[0-9]{8,16}.*"}', '2018-03-13 23:40:14'),
	(322, 2, 0, 1, 'sbc.routing', 'Update', '{"direction":1,"caller":"01626932396","callee":null,"i_acl":"10306","i_acl_backup":"10306","destination":"10.50.245.95:5060","priority":10,"i_customer":"1","i_vendor":2,"network":1,"description":"ko","i_sip_profile":1}', '2018-03-13 23:40:14'),
	(324, 2, 0, 1, 'sbc.routing', 'Update', '{"direction":2,"caller":null,"callee":"01626932396","i_acl":1,"i_acl_backup":0,"destination":"210.245.26.14","priority":10,"i_customer":"1","i_vendor":0,"network":2,"description":"ko","i_sip_profile":2}', '2018-03-13 23:40:14'),
	(326, 2, 5, 0, 'hotline_number', 'Update Sip', '{"sip_config":"2018-03-13 23:40:14","id":"5","hotline_number":"01626932396"}', '2018-03-13 23:40:14'),
	(328, 2, 10306, 1, 'sbc.acl', 'Update', '{"ip_auth":"210.245.26.14:5060","ip_proxy":null,"description":"ko","block_regex_caller":"","block_regex_callee":"^(00|\\\\\\\\+84|1900|1800).*","allow_regex_caller":"","allow_regex_callee":"^[0-9]{8,16}.*"}', '2018-03-13 23:41:32'),
	(330, 2, 0, 1, 'sbc.routing', 'Update', '{"direction":1,"caller":"01626932396","callee":null,"i_acl":"10306","i_acl_backup":"10306","destination":"10.50.245.95:5060","priority":10,"i_customer":"1","i_vendor":2,"network":1,"description":"ko","i_sip_profile":1}', '2018-03-13 23:41:32'),
	(332, 2, 0, 1, 'sbc.routing', 'Update', '{"direction":2,"caller":null,"callee":"01626932396","i_acl":1,"i_acl_backup":0,"destination":"210.245.26.14:5060","priority":10,"i_customer":"1","i_vendor":0,"network":2,"description":"ko","i_sip_profile":2}', '2018-03-13 23:41:32'),
	(334, 2, 5, 0, 'hotline_number', 'Update Sip', '{"sip_config":"2018-03-13 23:41:32","id":"5","hotline_number":"01626932396"}', '2018-03-13 23:41:32'),
	(336, 2, 10306, 1, 'sbc.acl', 'Update', '{"ip_auth":"210.245.26.14","ip_proxy":null,"description":"ko","block_regex_caller":"","block_regex_callee":"^(00|\\\\\\\\+84|1900|1800).*","allow_regex_caller":"","allow_regex_callee":"^[0-9]{8,16}.*"}', '2018-03-13 23:42:08'),
	(338, 2, 0, 1, 'sbc.routing', 'Update', '{"direction":1,"caller":"01626932396","callee":null,"i_acl":"10306","i_acl_backup":"10306","destination":"10.50.245.95:5060","priority":10,"i_customer":"1","i_vendor":2,"network":1,"description":"ko","i_sip_profile":1}', '2018-03-13 23:42:08'),
	(340, 2, 0, 1, 'sbc.routing', 'Update', '{"direction":2,"caller":null,"callee":"01626932396","i_acl":1,"i_acl_backup":0,"destination":"210.245.26.14:5060","priority":10,"i_customer":"1","i_vendor":0,"network":2,"description":"ko","i_sip_profile":2}', '2018-03-13 23:42:08'),
	(342, 2, 5, 0, 'hotline_number', 'Update Sip', '{"sip_config":"2018-03-13 23:42:08","id":"5","hotline_number":"01626932396"}', '2018-03-13 23:42:08'),
	(344, 2, 10308, 6, 'sbc.acl', 'Create', '{"ip_auth":"10.1.0.21","ip_proxy":"10.1.0.22","description":"123455222","block_regex_caller":"","block_regex_callee":"^(00|\\\\\\\\+84|1900|1800).*","allow_regex_caller":"","allow_regex_callee":"^[0-9]{8,16}.*"}', '2018-03-15 16:56:24'),
	(346, 2, 10424, 0, 'routing', 'Create', '{"direction":1,"caller":"19001001","callee":null,"i_acl":10308,"i_acl_backup":10308,"destination":"10.50.245.95:5060","priority":10,"i_customer":"6","i_vendor":2,"network":1,"description":"123455222","i_sip_profile":1}', '2018-03-15 16:56:24'),
	(348, 2, 10426, 0, 'routing', 'Create', '{"direction":2,"caller":null,"callee":"19001001","i_acl":1,"i_acl_backup":0,"destination":"10.1.0.223","priority":10,"i_customer":"6","i_vendor":0,"network":2,"description":"123455222","i_sip_profile":2}', '2018-03-15 16:56:24'),
	(350, 2, 16, 0, 'hotline_number', 'Update Sip', '{"sip_config":"2018-03-15 16:56:24","id":"16","hotline_number":"19001001"}', '2018-03-15 16:56:24'),
	(352, 2, 10310, 6, 'sbc.acl', 'Create', '{"ip_auth":"10.1.0.21","ip_proxy":"10.1.0.22","description":"123455222","block_regex_caller":"","block_regex_callee":"^(00|\\\\\\\\+84|1900|1800).*","allow_regex_caller":"","allow_regex_callee":"^[0-9]{8,16}.*"}', '2018-03-15 16:56:24'),
	(354, 2, 10428, 0, 'routing', 'Create', '{"direction":1,"caller":"19001002","callee":null,"i_acl":10310,"i_acl_backup":10310,"destination":"10.50.245.95:5060","priority":10,"i_customer":"6","i_vendor":2,"network":1,"description":"123455222","i_sip_profile":1}', '2018-03-15 16:56:24'),
	(356, 2, 10430, 0, 'routing', 'Create', '{"direction":2,"caller":null,"callee":"19001002","i_acl":1,"i_acl_backup":0,"destination":"10.1.0.223","priority":10,"i_customer":"6","i_vendor":0,"network":2,"description":"123455222","i_sip_profile":2}', '2018-03-15 16:56:24'),
	(358, 2, 18, 0, 'hotline_number', 'Update Sip', '{"sip_config":"2018-03-15 16:56:24","id":"18","hotline_number":"19001002"}', '2018-03-15 16:56:24'),
	(360, 2, 10308, 6, 'sbc.acl', 'Update', '{"ip_auth":"10.1.0.213","ip_proxy":"10.1.0.22","description":"123455222","block_regex_caller":"","block_regex_callee":"^(00|\\\\\\\\+84|1900|1800).*","allow_regex_caller":"","allow_regex_callee":"^[0-9]{8,16}.*"}', '2018-03-15 17:37:05'),
	(362, 2, 0, 6, 'sbc.routing', 'Update', '{"direction":1,"caller":"19001001","callee":null,"i_acl":"10308","i_acl_backup":"10308","destination":"10.50.245.95:5060","priority":10,"i_customer":"6","i_vendor":2,"network":1,"description":"123455222","i_sip_profile":1}', '2018-03-15 17:37:05'),
	(364, 2, 0, 6, 'sbc.routing', 'Update', '{"direction":2,"caller":null,"callee":"19001001","i_acl":1,"i_acl_backup":0,"destination":"10.1.0.223","priority":10,"i_customer":"6","i_vendor":0,"network":2,"description":"123455222","i_sip_profile":2}', '2018-03-15 17:37:05'),
	(366, 2, 16, 0, 'hotline_number', 'Update Sip', '{"sip_config":"2018-03-15 17:37:05","id":"16","hotline_number":"19001001"}', '2018-03-15 17:37:05'),
	(368, 2, 5, 0, 'hot_line_config', 'api/changeHotlineStatus', '{"enterprise_number":"0888222222","hotline_number":"01626932396","status":1}', '2018-03-16 15:04:15'),
	(370, 2, 5, 0, 'sbc.routing', 'api/changeHotlineStatus', '{"enterprise_number":"0888222222","hotline_number":"01626932396","status":1}', '2018-03-16 15:04:15'),
	(372, 2, 5, 0, 'hot_line_config', 'api/changeHotlineStatus', '{"enterprise_number":"0888222222","hotline_number":"01626932396","status":0}', '2018-03-16 15:05:55'),
	(374, 2, 5, 0, 'sbc.routing', 'api/changeHotlineStatus', '{"enterprise_number":"0888222222","hotline_number":"01626932396","status":0}', '2018-03-16 15:05:55'),
	(376, 2, 11, 0, 'hot_line_config', 'api/changeHotlineStatus', '{"enterprise_number":"0888222222","hotline_number":"0982221122"}', '2018-03-16 15:09:38'),
	(378, 2, 11, 0, 'sbc.routing', 'api/removeHotline', '{"enterprise_number":"0888222222","hotline_number":"0982221122"}', '2018-03-16 15:09:38'),
	(380, 2, 20, 0, 'hot_line_config', 'api/addCustomerHotlines', '{"cus_id":"1","enterprise_number":"0888222222","hotline_number":"0982221122"}', '2018-03-16 15:09:41'),
	(382, 2, 10312, 1, 'sbc.acl', 'Create', '{"ip_auth":"210.245.26.14\\t","ip_proxy":null,"description":"0888222222","block_regex_caller":"","block_regex_callee":"^(00|\\\\\\\\+84|1900|1800).*","allow_regex_caller":"","allow_regex_callee":"^[0-9]{8,16}.*"}', '2018-03-16 15:09:41'),
	(384, 2, 10432, 0, 'routing', 'Create', '{"direction":1,"caller":"0982221122","callee":null,"i_acl":10312,"i_acl_backup":10312,"destination":"10.50.245.95:5060","priority":10,"i_customer":"1","i_vendor":2,"network":1,"description":"0888222222","i_sip_profile":1}', '2018-03-16 15:09:41'),
	(386, 2, 10434, 0, 'routing', 'Create', '{"direction":2,"caller":null,"callee":"0982221122","i_acl":1,"i_acl_backup":0,"destination":"210.245.26.14:5060\\t","priority":10,"i_customer":"1","i_vendor":0,"network":2,"description":"0888222222","i_sip_profile":2}', '2018-03-16 15:09:41'),
	(388, 2, 11, 0, 'hotline_number', 'Update Sip', '{"sip_config":"2018-03-16 15:09:41","id":"11","hotline_number":"0982221122"}', '2018-03-16 15:09:41'),
	(390, 2, 5, 0, 'hot_line_config', 'api/changeHotlineStatus', '{"enterprise_number":"0888222222","hotline_number":"01626932396"}', '2018-03-16 15:09:58'),
	(392, 2, 5, 0, 'sbc.routing', 'api/removeHotline', '{"enterprise_number":"0888222222","hotline_number":"01626932396"}', '2018-03-16 15:09:58'),
	(394, 2, 22, 0, 'hot_line_config', 'api/addCustomerHotlines', '{"cus_id":"1","enterprise_number":"0888222222","hotline_number":"01626932396"}', '2018-03-16 15:10:45'),
	(396, 2, 10314, 1, 'sbc.acl', 'Create', '{"ip_auth":"210.245.26.14\\t","ip_proxy":null,"description":"0888222222","block_regex_caller":"","block_regex_callee":"^(00|\\\\\\\\+84|1900|1800).*","allow_regex_caller":"","allow_regex_callee":"^[0-9]{8,16}.*"}', '2018-03-16 15:10:45'),
	(398, 2, 10436, 0, 'routing', 'Create', '{"direction":1,"caller":"01626932396","callee":null,"i_acl":10314,"i_acl_backup":10314,"destination":"10.50.245.95:5060","priority":10,"i_customer":"1","i_vendor":2,"network":1,"description":"0888222222","i_sip_profile":1}', '2018-03-16 15:10:45'),
	(400, 2, 10438, 0, 'routing', 'Create', '{"direction":2,"caller":null,"callee":"01626932396","i_acl":1,"i_acl_backup":0,"destination":"210.245.26.14:5060\\t","priority":10,"i_customer":"1","i_vendor":0,"network":2,"description":"0888222222","i_sip_profile":2}', '2018-03-16 15:10:45'),
	(402, 2, 5, 0, 'hotline_number', 'Update Sip', '{"sip_config":"2018-03-16 15:10:45","id":"5","hotline_number":"01626932396"}', '2018-03-16 15:10:45'),
	(404, 2, 10316, 1, 'sbc.acl', 'Create', '{"ip_auth":"1121","ip_proxy":"211212","description":"12121","block_regex_caller":"","block_regex_callee":"^(00|\\\\\\\\+84|1900|1800).*","allow_regex_caller":"","allow_regex_callee":"^[0-9]{8,16}.*"}', '2018-03-16 15:55:18'),
	(406, 2, 10440, 0, 'routing', 'Create', '{"direction":1,"caller":"00987221122","callee":null,"i_acl":10316,"i_acl_backup":10316,"destination":"10.50.245.95:5060","priority":10,"i_customer":"1","i_vendor":2,"network":1,"description":"12121","i_sip_profile":1}', '2018-03-16 15:55:18'),
	(408, 2, 10442, 0, 'routing', 'Create', '{"direction":2,"caller":null,"callee":"00987221122","i_acl":1,"i_acl_backup":0,"destination":"1212","priority":10,"i_customer":"1","i_vendor":0,"network":2,"description":"12121","i_sip_profile":2}', '2018-03-16 15:55:18'),
	(410, 2, 9, 0, 'hotline_number', 'Update Sip', '{"sip_config":"2018-03-16 15:55:18","id":"9","hotline_number":"00987221122"}', '2018-03-16 15:55:18'),
	(412, 2, 20, 0, 'hot_line_config', 'api/changeHotlineStatus', '{"enterprise_number":"0888222222","hotline_number":"0982221122"}', '2018-03-16 16:04:09'),
	(414, 2, 20, 0, 'sbc.routing', 'api/removeHotline', '{"enterprise_number":"0888222222","hotline_number":"0982221122"}', '2018-03-16 16:04:09'),
	(416, 2, 22, 0, 'hot_line_config', 'api/changeHotlineStatus', '{"enterprise_number":"0888222222","hotline_number":"01626932396","status":1}', '2018-03-16 16:04:36'),
	(418, 2, 22, 0, 'sbc.routing', 'api/changeHotlineStatus', '{"enterprise_number":"0888222222","hotline_number":"01626932396","status":1}', '2018-03-16 16:04:36'),
	(420, 2, 9, 0, 'hot_line_config', 'api/changeHotlineStatus', '{"enterprise_number":"0888222222","hotline_number":"00987221122"}', '2018-03-16 16:05:37'),
	(422, 2, 9, 0, 'sbc.routing', 'api/removeHotline', '{"enterprise_number":"0888222222","hotline_number":"00987221122"}', '2018-03-16 16:05:37'),
	(424, 2, 22, 0, 'hot_line_config', 'api/changeHotlineStatus', '{"enterprise_number":"0888222222","hotline_number":"01626932396","status":0}', '2018-03-16 16:21:08'),
	(426, 2, 22, 0, 'sbc.routing', 'api/changeHotlineStatus', '{"enterprise_number":"0888222222","hotline_number":"01626932396","status":0}', '2018-03-16 16:21:08'),
	(428, 2, 22, 0, 'hot_line_config', 'api/changeHotlineStatus', '{"enterprise_number":"0888222222","hotline_number":"01626932396"}', '2018-03-16 16:22:30'),
	(430, 2, 22, 0, 'sbc.routing', 'api/removeHotline', '{"enterprise_number":"0888222222","hotline_number":"01626932396"}', '2018-03-16 16:22:30'),
	(432, 2, 24, 0, 'hot_line_config', 'api/addCustomerHotlines', '{"cus_id":"1","enterprise_number":"0888222222","hotline_number":"01626932396"}', '2018-03-16 16:24:08'),
	(434, 2, 10318, 1, 'sbc.acl', 'Create', '{"ip_auth":"210.245.26.14","ip_proxy":null,"description":"0888222222","block_regex_caller":"","block_regex_callee":"^(00|\\\\\\\\+84|1900|1800).*","allow_regex_caller":"","allow_regex_callee":"^[0-9]{8,16}.*"}', '2018-03-16 16:24:08'),
	(436, 2, 10444, 0, 'routing', 'Create', '{"direction":1,"caller":"01626932396","callee":null,"i_acl":10318,"i_acl_backup":10318,"destination":"10.50.245.95:5060","priority":10,"i_customer":"1","i_vendor":2,"network":1,"description":"0888222222","i_sip_profile":1}', '2018-03-16 16:24:08'),
	(438, 2, 10446, 0, 'routing', 'Create', '{"direction":2,"caller":null,"callee":"01626932396","i_acl":1,"i_acl_backup":0,"destination":"210.245.26.14:5060","priority":10,"i_customer":"1","i_vendor":0,"network":2,"description":"0888222222","i_sip_profile":2}', '2018-03-16 16:24:08'),
	(440, 2, 5, 0, 'hotline_number', 'Update Sip', '{"sip_config":"2018-03-16 16:24:08","id":"5","hotline_number":"01626932396"}', '2018-03-16 16:24:08'),
	(442, 2, 24, 0, 'hot_line_config', 'api/changeHotlineStatus', '{"enterprise_number":"0888222222","hotline_number":"01626932396"}', '2018-03-16 16:25:40'),
	(444, 2, 24, 0, 'sbc.routing', 'api/removeHotline', '{"enterprise_number":"0888222222","hotline_number":"01626932396"}', '2018-03-16 16:25:40'),
	(446, 2, 26, 0, 'hot_line_config', 'api/addCustomerHotlines', '{"cus_id":"1","enterprise_number":"0888222222","hotline_number":"01626932396"}', '2018-03-16 16:27:18'),
	(448, 2, 10320, 1, 'sbc.acl', 'Create', '{"ip_auth":"210.245.26.14","ip_proxy":null,"description":"0888222222","block_regex_caller":"","block_regex_callee":"^(00|\\\\\\\\+84|1900|1800).*","allow_regex_caller":"","allow_regex_callee":"^[0-9]{8,16}.*"}', '2018-03-16 16:27:18'),
	(450, 2, 10448, 0, 'routing', 'Create', '{"direction":1,"caller":"01626932396","callee":null,"i_acl":10320,"i_acl_backup":10320,"destination":"10.50.245.95:5060","priority":10,"i_customer":"1","i_vendor":2,"network":1,"description":"0888222222","i_sip_profile":1}', '2018-03-16 16:27:18'),
	(452, 2, 10450, 0, 'routing', 'Create', '{"direction":2,"caller":null,"callee":"01626932396","i_acl":1,"i_acl_backup":0,"destination":"210.245.26.14:5060","priority":10,"i_customer":"1","i_vendor":0,"network":2,"description":"0888222222","i_sip_profile":2}', '2018-03-16 16:27:18'),
	(454, 2, 5, 0, 'hotline_number', 'Update Sip', '{"sip_config":"2018-03-16 16:27:18","id":"5","hotline_number":"01626932396"}', '2018-03-16 16:27:18'),
	(456, 2, 28, 0, 'hot_line_config', 'api/addCustomerHotlines', '{"cus_id":"1","enterprise_number":"0888222222","hotline_number":"0973597579"}', '2018-03-16 16:30:45'),
	(458, 2, 10322, 1, 'sbc.acl', 'Create', '{"ip_auth":"210.245.26.14","ip_proxy":null,"description":"0888222222","block_regex_caller":"","block_regex_callee":"^(00|\\\\\\\\+84|1900|1800).*","allow_regex_caller":"","allow_regex_callee":"^[0-9]{8,16}.*"}', '2018-03-16 16:30:45'),
	(460, 2, 10452, 0, 'routing', 'Create', '{"direction":1,"caller":"0973597579","callee":null,"i_acl":10322,"i_acl_backup":10322,"destination":"10.50.245.95:5060","priority":10,"i_customer":"1","i_vendor":2,"network":1,"description":"0888222222","i_sip_profile":1}', '2018-03-16 16:30:45'),
	(462, 2, 10454, 0, 'routing', 'Create', '{"direction":2,"caller":null,"callee":"0973597579","i_acl":1,"i_acl_backup":0,"destination":"210.245.26.14:5060","priority":10,"i_customer":"1","i_vendor":0,"network":2,"description":"0888222222","i_sip_profile":2}', '2018-03-16 16:30:45'),
	(464, 2, 28, 0, 'hotline_number', 'Update Sip', '{"sip_config":"2018-03-16 16:30:45","id":"28","hotline_number":"0973597579"}', '2018-03-16 16:30:45'),
	(466, 2, 5, 0, 'hot_line_config', 'api/changeHotlineStatus', '{"enterprise_number":"0888222222","hotline_number":"01626932396"}', '2018-03-16 16:31:46'),
	(468, 2, 5, 0, 'sbc.routing', 'api/removeHotline', '{"enterprise_number":"0888222222","hotline_number":"01626932396"}', '2018-03-16 16:31:46'),
	(470, 2, 11, 0, 'hot_line_config', 'api/changeHotlineStatus', '{"enterprise_number":"0888222222","hotline_number":"0982221122"}', '2018-03-16 16:31:47'),
	(472, 2, 11, 0, 'sbc.routing', 'api/removeHotline', '{"enterprise_number":"0888222222","hotline_number":"0982221122"}', '2018-03-16 16:31:47'),
	(474, 2, 9, 0, 'hot_line_config', 'api/changeHotlineStatus', '{"enterprise_number":"0888222222","hotline_number":"00987221122"}', '2018-03-16 16:31:49'),
	(476, 2, 9, 0, 'sbc.routing', 'api/removeHotline', '{"enterprise_number":"0888222222","hotline_number":"00987221122"}', '2018-03-16 16:31:49'),
	(478, 2, 30, 0, 'hot_line_config', 'api/addCustomerHotlines', '{"cus_id":"1","enterprise_number":"0888222222","hotline_number":"01626932396"}', '2018-03-16 16:32:02'),
	(480, 2, 10324, 1, 'sbc.acl', 'Create', '{"ip_auth":"210.245.26.14","ip_proxy":null,"description":"0888222222","block_regex_caller":"","block_regex_callee":"^(00|\\\\\\\\+84|1900|1800).*","allow_regex_caller":"","allow_regex_callee":"^[0-9]{8,16}.*"}', '2018-03-16 16:32:02'),
	(482, 2, 10456, 0, 'routing', 'Create', '{"direction":1,"caller":"01626932396","callee":null,"i_acl":10324,"i_acl_backup":10324,"destination":"10.50.245.95:5060","priority":10,"i_customer":"1","i_vendor":2,"network":1,"description":"0888222222","i_sip_profile":1}', '2018-03-16 16:32:02'),
	(484, 2, 10458, 0, 'routing', 'Create', '{"direction":2,"caller":null,"callee":"01626932396","i_acl":1,"i_acl_backup":0,"destination":"210.245.26.14:5060","priority":10,"i_customer":"1","i_vendor":0,"network":2,"description":"0888222222","i_sip_profile":2}', '2018-03-16 16:32:02'),
	(486, 2, 5, 0, 'hotline_number', 'Update Sip', '{"sip_config":"2018-03-16 16:32:02","id":"5","hotline_number":"01626932396"}', '2018-03-16 16:32:02'),
	(488, 2, 30, 0, 'hot_line_config', 'api/changeHotlineStatus', '{"enterprise_number":"0888222222","hotline_number":"01626932396","status":1}', '2018-03-16 16:32:06'),
	(490, 2, 30, 0, 'sbc.routing', 'api/changeHotlineStatus', '{"enterprise_number":"0888222222","hotline_number":"01626932396","status":1}', '2018-03-16 16:32:06'),
	(492, 2, 30, 0, 'hot_line_config', 'api/changeHotlineStatus', '{"enterprise_number":"0888222222","hotline_number":"01626932396","status":0}', '2018-03-16 16:35:36'),
	(494, 2, 30, 0, 'sbc.routing', 'api/changeHotlineStatus', '{"enterprise_number":"0888222222","hotline_number":"01626932396","status":0}', '2018-03-16 16:35:36'),
	(496, 2, 10324, 1, 'sbc.acl', 'Update', '{"ip_auth":"210.245.26.144","ip_proxy":null,"description":"0888222222","block_regex_caller":"","block_regex_callee":"^(00|\\\\\\\\+84|1900|1800).*","allow_regex_caller":"","allow_regex_callee":"^[0-9]{8,16}.*"}', '2018-03-16 16:49:05'),
	(498, 2, 0, 1, 'sbc.routing', 'Update', '{"direction":1,"caller":"01626932396","callee":null,"i_acl":"10324","i_acl_backup":"10324","destination":"10.50.245.95:5060","priority":10,"i_customer":"1","i_vendor":2,"network":1,"description":"0888222222","i_sip_profile":1}', '2018-03-16 16:49:05'),
	(500, 2, 0, 1, 'sbc.routing', 'Update', '{"direction":2,"caller":null,"callee":"01626932396","i_acl":1,"i_acl_backup":0,"destination":"210.245.26.14:5061","priority":10,"i_customer":"1","i_vendor":0,"network":2,"description":"0888222222","i_sip_profile":2}', '2018-03-16 16:49:05'),
	(502, 2, 5, 0, 'hotline_number', 'Update Sip', '{"sip_config":"2018-03-16 16:49:05","id":"5","hotline_number":"01626932396"}', '2018-03-16 16:49:05'),
	(504, 2, 10324, 1, 'sbc.acl', 'Update', '{"ip_auth":"210.245.26.14","ip_proxy":null,"description":"0888222222","block_regex_caller":"","block_regex_callee":"^(00|\\\\\\\\+84|1900|1800).*","allow_regex_caller":"","allow_regex_callee":"^[0-9]{8,16}.*"}', '2018-03-16 16:58:05'),
	(506, 2, 0, 1, 'sbc.routing', 'Update', '{"direction":1,"caller":"01626932396","callee":null,"i_acl":"10324","i_acl_backup":"10324","destination":"10.50.245.95:5060","priority":10,"i_customer":"1","i_vendor":2,"network":1,"description":"0888222222","i_sip_profile":1}', '2018-03-16 16:58:05'),
	(508, 2, 0, 1, 'sbc.routing', 'Update', '{"direction":2,"caller":null,"callee":"01626932396","i_acl":1,"i_acl_backup":0,"destination":"210.245.26.14:5060","priority":10,"i_customer":"1","i_vendor":0,"network":2,"description":"0888222222","i_sip_profile":2}', '2018-03-16 16:58:05'),
	(510, 2, 5, 0, 'hotline_number', 'Update Sip', '{"sip_config":"2018-03-16 16:58:05","id":"5","hotline_number":"01626932396"}', '2018-03-16 16:58:05'),
	(512, 2, 10324, 1, 'sbc.acl', 'Update', '{"ip_auth":"210.245.26.14","ip_proxy":null,"description":"0888222222","block_regex_caller":"","block_regex_callee":"^(00|\\\\\\\\+84|1900|1800).*","allow_regex_caller":"","allow_regex_callee":"^[0-9]{8,16}.*"}', '2018-03-16 16:59:43'),
	(514, 2, 0, 1, 'sbc.routing', 'Update', '{"direction":1,"caller":"01626932396","callee":null,"i_acl":"10324","i_acl_backup":"10324","destination":"10.50.245.95:5060","priority":10,"i_customer":"1","i_vendor":2,"network":1,"description":"0888222222","i_sip_profile":1}', '2018-03-16 16:59:43'),
	(516, 2, 0, 1, 'sbc.routing', 'Update', '{"direction":2,"caller":null,"callee":"01626932396","i_acl":1,"i_acl_backup":0,"destination":"210.245.26.14:5060","priority":10,"i_customer":"1","i_vendor":0,"network":2,"description":"0888222222","i_sip_profile":2}', '2018-03-16 16:59:43'),
	(518, 2, 5, 0, 'hotline_number', 'Update Sip', '{"sip_config":"2018-03-16 16:59:43","id":"5","hotline_number":"01626932396"}', '2018-03-16 16:59:43'),
	(520, 2, 30, 0, 'hot_line_config', 'api/changeHotlineStatus', '{"enterprise_number":"0888222222","hotline_number":"01626932396","status":1}', '2018-03-16 16:59:45'),
	(522, 2, 30, 0, 'sbc.routing', 'api/changeHotlineStatus', '{"enterprise_number":"0888222222","hotline_number":"01626932396","status":1}', '2018-03-16 16:59:45'),
	(524, 2, 30, 0, 'hot_line_config', 'api/changeHotlineStatus', '{"enterprise_number":"0888222222","hotline_number":"01626932396","status":0}', '2018-03-16 16:59:46'),
	(526, 2, 30, 0, 'sbc.routing', 'api/changeHotlineStatus', '{"enterprise_number":"0888222222","hotline_number":"01626932396","status":0}', '2018-03-16 16:59:46'),
	(528, 2, 16, 0, 'hot_line_config', 'api/changeHotlineStatus', '{"enterprise_number":"123455222","hotline_number":"19001001","status":1}', '2018-03-18 20:03:16'),
	(530, 2, 16, 0, 'sbc.routing', 'api/changeHotlineStatus', '{"enterprise_number":"123455222","hotline_number":"19001001","status":1}', '2018-03-18 20:03:16'),
	(532, 2, 18, 0, 'hot_line_config', 'api/changeHotlineStatus', '{"enterprise_number":"123455222","hotline_number":"19001002","status":1}', '2018-03-18 20:03:18'),
	(534, 2, 18, 0, 'sbc.routing', 'api/changeHotlineStatus', '{"enterprise_number":"123455222","hotline_number":"19001002","status":1}', '2018-03-18 20:03:18'),
	(536, 2, 16, 0, 'hot_line_config', 'api/changeHotlineStatus', '{"enterprise_number":"123455222","hotline_number":"19001001","status":0}', '2018-03-18 20:03:35'),
	(538, 2, 16, 0, 'sbc.routing', 'api/changeHotlineStatus', '{"enterprise_number":"123455222","hotline_number":"19001001","status":0}', '2018-03-18 20:03:35'),
	(540, 2, 18, 0, 'hot_line_config', 'api/changeHotlineStatus', '{"enterprise_number":"123455222","hotline_number":"19001002","status":0}', '2018-03-18 20:03:36'),
	(542, 2, 18, 0, 'sbc.routing', 'api/changeHotlineStatus', '{"enterprise_number":"123455222","hotline_number":"19001002","status":0}', '2018-03-18 20:03:36'),
	(544, 2, 16, 0, 'hot_line_config', 'api/changeHotlineStatus', '{"enterprise_number":"123455222","hotline_number":"19001001","status":1}', '2018-03-19 11:06:38'),
	(546, 2, 16, 0, 'sbc.routing', 'api/changeHotlineStatus', '{"enterprise_number":"123455222","hotline_number":"19001001","status":1}', '2018-03-19 11:06:38'),
	(548, 2, 18, 0, 'hot_line_config', 'api/changeHotlineStatus', '{"enterprise_number":"123455222","hotline_number":"19001002","status":1}', '2018-03-19 11:06:38'),
	(550, 2, 18, 0, 'sbc.routing', 'api/changeHotlineStatus', '{"enterprise_number":"123455222","hotline_number":"19001002","status":1}', '2018-03-19 11:06:38'),
	(552, 2, 1, 0, 'service_config_price', 'Update', '{"from_user":"0","to_user":"-1","price":"49000","id":"1","service_config_id":"1"}', '2018-03-19 11:33:16'),
	(554, 2, 1, 1, 'service_config_hotline_price', 'Update', '{"service_config_id":"1","from_hotline_num":"0","to_hotline_num":"-1","price":"49000","init_price":"0","updated_at":"2018-03-19 11:33:18"}', '2018-03-19 11:33:18'),
	(556, 2, 1, 1, 'call_fee_config', 'Update', '{"service_config_id":"1","from_min":"0","to_min":"-1","type":"1","call_fees":"6","call_type":"0","updated_at":"2018-03-19 11:33:20"}', '2018-03-19 11:33:20'),
	(558, 2, 3, 0, 'sms_fee_config', 'Soft Delete', '{"status":2,"updated_at":"2018-03-19 13:13:33"}', '2018-03-19 13:13:33'),
	(560, 2, 1, 0, 'sms_fee_config', 'Soft Delete', '{"status":2,"updated_at":"2018-03-19 13:13:35"}', '2018-03-19 13:13:35'),
	(562, 2, 1, 1, 'sms_fee_config', 'Update', '{"service_config_id":"1","from_sms":"0","to_sms":"-1","type":"1","sms_fees":"500","sms_type":2,"updated_at":"2018-03-19 13:13:38","status":0}', '2018-03-19 13:13:38'),
	(564, 2, 3, 1, 'sms_fee_config', 'Update', '{"service_config_id":"1","from_sms":"0","to_sms":"-1","type":"2","sms_fees":"600","sms_type":2,"updated_at":"2018-03-19 13:13:39","status":0}', '2018-03-19 13:13:39'),
	(566, 2, 3, 1, 'sms_fee_config', 'Update', '{"service_config_id":"1","from_sms":"0","to_sms":"-1","type":"2","sms_fees":"600","sms_type":2,"updated_at":"2018-03-19 13:13:41","status":0}', '2018-03-19 13:13:41'),
	(567, 2, 28, 1, 'hotline_number', 'Update Delete Sip config', '{"status":2,"updated_at":"2018-03-19","cus_id":"1","sip_config":null}', '2018-03-19 15:28:54'),
	(569, 2, 10322, 0, 'sbc.acl', 'Delete ACL', '{"id":"10322","deleted_at":"2018-03-19","hot_line":"0973597579","cus_id":"1"}', '2018-03-19 15:28:54'),
	(571, 2, 0, 1, 'sbc.routing', 'Delete Routing', '{"deleted_at":"2018-03-19","hot_line":"0973597579","cus_id":"1"}', '2018-03-19 15:28:54'),
	(573, 2, 10325, 1, 'sbc.acl', 'Create', '{"ip_auth":"210.245.26.14","ip_proxy":null,"description":"210.245.26.14:5060","block_regex_caller":"","block_regex_callee":"^(00|\\\\\\\\+84|1900|1800).*","allow_regex_caller":"","allow_regex_callee":"^[0-9]{8,16}.*"}', '2018-03-19 15:32:48'),
	(575, 2, 10459, 0, 'routing', 'Create', '{"direction":1,"caller":"01626932396","callee":null,"i_acl":10325,"i_acl_backup":10325,"destination":"10.50.245.95:5060","priority":10,"i_customer":"1","i_vendor":2,"network":1,"description":"210.245.26.14:5060","i_sip_profile":1}', '2018-03-19 15:32:48'),
	(577, 2, 10461, 0, 'routing', 'Create', '{"direction":2,"caller":null,"callee":"01626932396","i_acl":1,"i_acl_backup":0,"destination":"210.245.26.14:5060","priority":10,"i_customer":"1","i_vendor":0,"network":2,"description":"210.245.26.14:5060","i_sip_profile":2}', '2018-03-19 15:32:48'),
	(579, 2, 5, 0, 'hotline_number', 'Update Sip', '{"sip_config":"2018-03-19 15:32:48","id":"5","hotline_number":"01626932396"}', '2018-03-19 15:32:48'),
	(581, 2, 18, 6, 'hotline_number', 'Update Delete Sip config', '{"status":2,"updated_at":"2018-03-19","cus_id":"6","sip_config":null}', '2018-03-19 15:34:23'),
	(583, 2, 10310, 0, 'sbc.acl', 'Delete ACL', '{"id":"10310","deleted_at":"2018-03-19","hot_line":"19001002","cus_id":"6"}', '2018-03-19 15:34:23'),
	(585, 2, 0, 6, 'sbc.routing', 'Delete Routing', '{"deleted_at":"2018-03-19","hot_line":"19001002","cus_id":"6"}', '2018-03-19 15:34:23'),
	(587, 2, 10325, 1, 'sbc.acl', 'Update', '{"ip_auth":"210.245.26.14","ip_proxy":null,"description":"210.245.26.14:5060","block_regex_caller":"","block_regex_callee":"^(00|\\\\\\\\+84|1900|1800).*","allow_regex_caller":"","allow_regex_callee":"^[0-9]{8,16}.*"}', '2018-03-19 15:34:32'),
	(589, 2, 0, 1, 'sbc.routing', 'Update', '{"direction":1,"caller":"01626932396","callee":null,"i_acl":"10325","i_acl_backup":"10325","destination":"10.50.245.95:5060","priority":10,"i_customer":"1","i_vendor":2,"network":1,"description":"210.245.26.14:5060","i_sip_profile":1}', '2018-03-19 15:34:32'),
	(591, 2, 0, 1, 'sbc.routing', 'Update', '{"direction":2,"caller":null,"callee":"01626932396","i_acl":1,"i_acl_backup":2,"destination":"210.245.26.14:5060","priority":10,"i_customer":"1","i_vendor":0,"network":2,"description":"210.245.26.14:5060","i_sip_profile":2}', '2018-03-19 15:34:32'),
	(593, 2, 5, 0, 'hotline_number', 'Update Sip', '{"sip_config":"2018-03-19 15:34:32","id":"5","hotline_number":"01626932396"}', '2018-03-19 15:34:32'),
	(595, 2, 10327, 6, 'sbc.acl', 'Create', '{"ip_auth":"10.0.0.1","ip_proxy":"10.0.0.2","description":"10.0.0.3","block_regex_caller":"","block_regex_callee":"^(00|\\\\\\\\+84|1900|1800).*","allow_regex_caller":"","allow_regex_callee":"^[0-9]{8,16}.*"}', '2018-03-19 15:41:51'),
	(597, 2, 10463, 0, 'routing', 'Create', '{"direction":1,"caller":"19001001","callee":null,"i_acl":10327,"i_acl_backup":10327,"destination":"10.50.245.95:5060","priority":10,"i_customer":"6","i_vendor":2,"network":1,"description":"10.0.0.3","i_sip_profile":1}', '2018-03-19 15:41:51'),
	(599, 2, 10465, 0, 'routing', 'Create', '{"direction":2,"caller":null,"callee":"19001001","i_acl":1,"i_acl_backup":2,"destination":"10.0.0.4","priority":10,"i_customer":"6","i_vendor":0,"network":2,"description":"10.0.0.3","i_sip_profile":2}', '2018-03-19 15:41:51'),
	(601, 2, 16, 0, 'hotline_number', 'Update Sip', '{"sip_config":"2018-03-19 15:41:51","id":"16","hotline_number":"19001001"}', '2018-03-19 15:41:51'),
	(603, 2, 16, 6, 'hotline_number', 'Update Delete Sip config', '{"status":2,"updated_at":"2018-03-19","cus_id":"6","sip_config":null}', '2018-03-19 15:42:19'),
	(605, 2, 0, 6, 'sbc.routing', 'Delete Routing', '{"deleted_at":"2018-03-19","hot_line":"19001001","cus_id":"6"}', '2018-03-19 15:42:19'),
	(607, 2, 31, 0, 'hot_line_config', 'api/addCustomerHotlines', '{"cus_id":"6","enterprise_number":"123455222","hotline_number":"19002011"}', '2018-03-19 15:42:51'),
	(609, 2, 10329, 6, 'sbc.acl', 'Create', '{"ip_auth":"10.1.0.212","ip_proxy":"10.1.0.222","description":"123455222","block_regex_caller":"","block_regex_callee":"^(00|\\\\\\\\+84|1900|1800).*","allow_regex_caller":"","allow_regex_callee":"^[0-9]{8,16}.*"}', '2018-03-19 15:42:51'),
	(611, 2, 10467, 0, 'routing', 'Create', '{"direction":1,"caller":"19002011","callee":null,"i_acl":10329,"i_acl_backup":10329,"destination":"10.50.245.95:5060","priority":10,"i_customer":"6","i_vendor":2,"network":1,"description":"123455222","i_sip_profile":1}', '2018-03-19 15:42:51'),
	(613, 2, 10469, 0, 'routing', 'Create', '{"direction":2,"caller":null,"callee":"19002011","i_acl":1,"i_acl_backup":2,"destination":"10.1.0.223","priority":10,"i_customer":"6","i_vendor":0,"network":2,"description":"123455222","i_sip_profile":2}', '2018-03-19 15:42:51'),
	(615, 2, 31, 0, 'hotline_number', 'Update Sip', '{"sip_config":"2018-03-19 15:42:51","id":"31","hotline_number":"19002011"}', '2018-03-19 15:42:51'),
	(617, 2, 33, 0, 'hot_line_config', 'api/addCustomerHotlines', '{"cus_id":"6","enterprise_number":"123455222","hotline_number":"19002012"}', '2018-03-19 15:42:51'),
	(619, 2, 10331, 6, 'sbc.acl', 'Create', '{"ip_auth":"10.1.0.212","ip_proxy":"10.1.0.222","description":"123455222","block_regex_caller":"","block_regex_callee":"^(00|\\\\\\\\+84|1900|1800).*","allow_regex_caller":"","allow_regex_callee":"^[0-9]{8,16}.*"}', '2018-03-19 15:42:51'),
	(621, 2, 10471, 0, 'routing', 'Create', '{"direction":1,"caller":"19002012","callee":null,"i_acl":10331,"i_acl_backup":10331,"destination":"10.50.245.95:5060","priority":10,"i_customer":"6","i_vendor":2,"network":1,"description":"123455222","i_sip_profile":1}', '2018-03-19 15:42:51'),
	(623, 2, 10473, 0, 'routing', 'Create', '{"direction":2,"caller":null,"callee":"19002012","i_acl":1,"i_acl_backup":2,"destination":"10.1.0.223","priority":10,"i_customer":"6","i_vendor":0,"network":2,"description":"123455222","i_sip_profile":2}', '2018-03-19 15:42:51'),
	(625, 2, 33, 0, 'hotline_number', 'Update Sip', '{"sip_config":"2018-03-19 15:42:51","id":"33","hotline_number":"19002012"}', '2018-03-19 15:42:51'),
	(627, 2, 35, 0, 'hot_line_config', 'api/addCustomerHotlines', '{"cus_id":"6","enterprise_number":"123455222","hotline_number":"1800"}', '2018-03-19 15:42:51'),
	(629, 2, 10333, 6, 'sbc.acl', 'Create', '{"ip_auth":"10.1.0.212","ip_proxy":"10.1.0.222","description":"123455222","block_regex_caller":"","block_regex_callee":"^(00|\\\\\\\\+84|1900|1800).*","allow_regex_caller":"","allow_regex_callee":"^[0-9]{8,16}.*"}', '2018-03-19 15:42:51'),
	(631, 2, 10475, 0, 'routing', 'Create', '{"direction":1,"caller":"1800","callee":null,"i_acl":10333,"i_acl_backup":10333,"destination":"10.50.245.95:5060","priority":10,"i_customer":"6","i_vendor":2,"network":1,"description":"123455222","i_sip_profile":1}', '2018-03-19 15:42:51'),
	(633, 2, 10477, 0, 'routing', 'Create', '{"direction":2,"caller":null,"callee":"1800","i_acl":1,"i_acl_backup":2,"destination":"10.1.0.223","priority":10,"i_customer":"6","i_vendor":0,"network":2,"description":"123455222","i_sip_profile":2}', '2018-03-19 15:42:51'),
	(635, 2, 35, 0, 'hotline_number', 'Update Sip', '{"sip_config":"2018-03-19 15:42:51","id":"35","hotline_number":"1800"}', '2018-03-19 15:42:51'),
	(637, 2, 35, 6, 'hotline_number', 'Update Delete Sip config', '{"status":2,"updated_at":"2018-03-19","cus_id":"6","sip_config":null}', '2018-03-19 15:43:02'),
	(639, 2, 0, 6, 'sbc.routing', 'Delete Routing', '{"deleted_at":"2018-03-19","hot_line":"1800","cus_id":"6"}', '2018-03-19 15:43:02'),
	(640, 1, 2, 2, 'service_config', 'Create', '{"service_name":"MB_SIPTRUNK","type":"0","product_code":"AAAABBBB","status":"0","created_at":"2018-03-19 17:07:38","updated_at":"2018-03-19 17:07:38"}', '2018-03-19 17:07:38'),
	(642, 1, 2, 2, 'service_config', 'Update', '{"service_name":"MB_SIPTRUNK","type":"1","product_code":"AAAABBBB","status":"1","updated_at":"2018-03-19 17:08:07"}', '2018-03-19 17:08:07'),
	(644, 1, 2, 2, 'service_config', 'Update', '{"service_name":"MB_SIPTRUNK","type":"1","product_code":"AAAABBBB","status":"0","updated_at":"2018-03-19 17:08:19"}', '2018-03-19 17:08:19'),
	(646, 1, 2, 0, 'service_config_price', 'Create ', '{"from_user":"0","to_user":"10","price":"250000","service_config_id":"2","updated_at":"2018-03-19 17:13:31"}', '2018-03-19 17:13:31'),
	(648, 1, 4, 0, 'service_config_price', 'Create ', '{"from_user":"0","to_user":"10","price":"250000","service_config_id":"2","updated_at":"2018-03-19 17:13:37"}', '2018-03-19 17:13:37'),
	(650, 1, 2, 0, 'service_config_price', 'Soft Delete', '{"status":2,"updated_at":"2018-03-19 17:54:30"}', '2018-03-19 17:54:30'),
	(652, 1, 4, 0, 'service_config_price', 'Soft Delete', '{"status":2,"updated_at":"2018-03-19 17:54:44"}', '2018-03-19 17:54:44'),
	(654, 1, 2, 2, 'service_config', 'Update', '{"service_name":"MB_SIPTRUNK","type":"1","product_code":"AAAABBBB","status":"2","updated_at":"2018-03-19 18:53:05"}', '2018-03-19 18:53:05'),
	(656, 2, 6, 2, 'call_fee_config', 'Create', '{"service_config_id":"2","from_min":"0","to_min":"6","type":"1","call_fees":"7.230","call_type":"0","created_at":"2018-03-19 22:04:49","updated_at":"2018-03-19 22:04:49"}', '2018-03-19 22:04:49'),
	(658, 2, 8, 2, 'call_fee_config', 'Create', '{"service_config_id":"2","from_min":"7","to_min":"-1","type":"1","call_fees":"6.706","call_type":"0","created_at":"2018-03-19 22:05:12","updated_at":"2018-03-19 22:05:12"}', '2018-03-19 22:05:12'),
	(660, 2, 6, 2, 'call_fee_config', 'Update', '{"service_config_id":"2","from_min":"0","to_min":"6","type":"1","call_fees":"7.237","call_type":"0","updated_at":"2018-03-19 22:09:11"}', '2018-03-19 22:09:11'),
	(662, 2, 2, 0, 'service_config_price', 'Update', '{"from_user":"0","to_user":"-1","price":"250000","id":"2","service_config_id":"2","status":0}', '2018-03-19 22:09:24'),
	(664, 2, 6, 0, 'service_config_price', 'Create ', '{"from_user":"0","to_user":"-1","price":"250000","service_config_id":"2","updated_at":"2018-03-19 22:09:25"}', '2018-03-19 22:09:25'),
	(666, 2, 6, 0, 'service_config_price', 'Update', '{"from_user":"0","to_user":"10","price":"250000","id":"6","service_config_id":"2"}', '2018-03-19 22:14:11'),
	(668, 2, 8, 0, 'service_config_price', 'Create ', '{"from_user":11,"to_user":"-1","price":"260000","service_config_id":"2","updated_at":"2018-03-19 22:14:23"}', '2018-03-19 22:14:23'),
	(670, 2, 8, 0, 'service_config_price', 'Update', '{"from_user":11,"to_user":"-1","price":"2600006","id":8,"service_config_id":"2"}', '2018-03-19 22:14:30'),
	(672, 2, 10, 2, 'call_fee_config', 'Create', '{"service_config_id":"2","from_min":"0","to_min":"-1","type":"1","call_fees":"7.560","call_type":"1","created_at":"2018-03-19 22:17:40","updated_at":"2018-03-19 22:17:40"}', '2018-03-19 22:17:40'),
	(674, 2, 12, 2, 'call_fee_config', 'Create', '{"service_config_id":"2","from_min":"0","to_min":"-1","type":"1","call_fees":"7.5608","call_type":"1","created_at":"2018-03-19 22:17:48","updated_at":"2018-03-19 22:17:48"}', '2018-03-19 22:17:48'),
	(676, 2, 2, 2, 'service_config_hotline_price', 'Create', '{"service_config_id":"2","from_hotline_num":"0","to_hotline_num":"-1","price":"540000","init_price":"100000","created_at":"2018-03-19 22:18:11","updated_at":"2018-03-19 22:18:11"}', '2018-03-19 22:18:11'),
	(678, 2, 4, 2, 'service_config_hotline_price', 'Create', '{"service_config_id":"2","from_hotline_num":"0","to_hotline_num":"-1","price":"540000","init_price":"1000002","created_at":"2018-03-19 22:18:15","updated_at":"2018-03-19 22:18:15"}', '2018-03-19 22:18:15'),
	(680, 2, 4, 2, 'service_config_hotline_price', 'Update', '{"service_config_id":"2","from_hotline_num":"0","to_hotline_num":"-1","price":"540000","init_price":"1000002","updated_at":"2018-03-19 22:19:14"}', '2018-03-19 22:19:14'),
	(682, 2, 8, 0, 'service_config_price', 'Update', '{"from_user":"11","to_user":"-1","price":"2600006","id":"8","service_config_id":"2"}', '2018-03-19 22:20:39'),
	(684, 1, 2, 2, 'service_config', 'Update', '{"service_name":"MB_SIPTRUNK","type":"0","product_code":"ABC","status":"2","updated_at":"2018-03-19 23:55:36"}', '2018-03-19 23:55:36'),
	(686, 1, 2, 0, 'service_config_price', 'Soft Delete', '{"status":2,"updated_at":"2018-03-20 01:08:29"}', '2018-03-20 01:08:29'),
	(688, 1, 6, 0, 'service_config_price', 'Soft Delete', '{"status":2,"updated_at":"2018-03-20 01:08:30"}', '2018-03-20 01:08:30'),
	(690, 1, 8, 0, 'service_config_price', 'Soft Delete', '{"status":2,"updated_at":"2018-03-20 01:08:31"}', '2018-03-20 01:08:31'),
	(692, 1, 2, 0, 'service_config_hotline_price', 'Soft Delete', '{"status":2,"updated_at":"2018-03-20 01:08:32"}', '2018-03-20 01:08:32'),
	(694, 1, 4, 0, 'service_config_hotline_price', 'Soft Delete', '{"status":2,"updated_at":"2018-03-20 01:08:34"}', '2018-03-20 01:08:34'),
	(696, 1, 6, 0, 'call_fee_config', 'Soft Delete', '{"status":2,"updated_at":"2018-03-20 01:09:09"}', '2018-03-20 01:09:09'),
	(698, 1, 8, 0, 'call_fee_config', 'Soft Delete', '{"status":2,"updated_at":"2018-03-20 01:09:10"}', '2018-03-20 01:09:10'),
	(700, 1, 10, 0, 'call_fee_config', 'Soft Delete', '{"status":2,"updated_at":"2018-03-20 01:09:11"}', '2018-03-20 01:09:11'),
	(702, 1, 12, 0, 'call_fee_config', 'Soft Delete', '{"status":2,"updated_at":"2018-03-20 01:09:11"}', '2018-03-20 01:09:11'),
	(704, 1, 2, 0, 'service_config_price', 'Update', '{"from_user":"0","to_user":"-1","price":"49000","id":"2","service_config_id":"2","status":0}', '2018-03-20 01:09:52'),
	(706, 1, 2, 0, 'service_config_price', 'Update', '{"from_user":"0","to_user":"-1","price":"49000","id":"2","service_config_id":"2","status":0}', '2018-03-20 01:09:59'),
	(708, 1, 2, 0, 'service_config_price', 'Update', '{"from_user":"0","to_user":"-1","price":"49000","id":"2","service_config_id":"2","status":0}', '2018-03-20 01:10:06'),
	(710, 1, 6, 0, 'service_config_price', 'Update', '{"from_user":"0","to_user":"10","price":"250000","id":"6","service_config_id":"2","status":0}', '2018-03-20 01:10:08'),
	(712, 1, 8, 0, 'service_config_price', 'Update', '{"from_user":"11","to_user":"-1","price":"2600006","id":"8","service_config_id":"2","status":0}', '2018-03-20 01:10:10'),
	(714, 1, 2, 2, 'service_config', 'Update', '{"service_name":"MB_SIPTRUNK","type":"0","product_code":"ABC","status":"0","updated_at":"2018-03-20 01:10:38"}', '2018-03-20 01:10:38'),
	(716, 1, 8, 0, 'service_config_price', 'Soft Delete', '{"status":2,"updated_at":"2018-03-20 01:10:46"}', '2018-03-20 01:10:46'),
	(718, 1, 6, 0, 'service_config_price', 'Soft Delete', '{"status":2,"updated_at":"2018-03-20 01:10:48"}', '2018-03-20 01:10:48'),
	(720, 1, 2, 2, 'service_config_hotline_price', 'Update', '{"service_config_id":"2","from_hotline_num":"0","to_hotline_num":"-1","price":"540000","init_price":"100000","updated_at":"2018-03-20 01:11:08","status":0}', '2018-03-20 01:11:08'),
	(722, 2, 2, 2, 'service_config', 'Update', '{"service_name":"MB_SIPTRUNK","type":"1","product_code":"ABC","status":"0","updated_at":"2018-03-20 06:10:58"}', '2018-03-20 06:10:58'),
	(724, 1, 2, 2, 'service_config_hotline_price', 'Update', '{"service_config_id":"2","from_hotline_num":"0","to_hotline_num":"-1","price":"540000","init_price":"60000","updated_at":"2018-03-20 07:21:30"}', '2018-03-20 07:21:30'),
	(726, 1, 2, 2, 'service_config', 'Update', '{"service_name":"MB_SIPTRUNK_DEMO","type":"1","product_code":"ABC12","status":"2","updated_at":"2018-03-20 07:24:56"}', '2018-03-20 07:24:56'),
	(728, 1, 2, 2, 'service_config', 'Update', '{"service_name":"MB_SIPTRUNK","type":"0","product_code":"ABC","status":"2","updated_at":"2018-03-20 07:25:48"}', '2018-03-20 07:25:48'),
	(730, 1, 2, 2, 'service_config', 'Update', '{"service_name":"MB_SIPTRUNK","type":"0","product_code":"ABC","status":"0","updated_at":"2018-03-20 07:28:54"}', '2018-03-20 07:28:54'),
	(732, 1, 2, 2, 'service_config', 'Update', '{"service_name":"MB_SIPTRUNK_DEMO","type":"0","product_code":"ABC123","status":"0","updated_at":"2018-03-20 07:29:06"}', '2018-03-20 07:29:06'),
	(734, 1, 2, 2, 'service_config', 'Update', '{"service_name":"MB_SIPTRUNK","type":"0","product_code":"ABC","status":"0","updated_at":"2018-03-20 07:29:16"}', '2018-03-20 07:29:16'),
	(736, 1, 2, 2, 'service_config_hotline_price', 'Update', '{"service_config_id":"2","from_hotline_num":"0","to_hotline_num":"-1","price":"454545454","init_price":"60000","updated_at":"2018-03-20 08:59:40"}', '2018-03-20 08:59:40'),
	(738, 1, 2, 2, 'service_config_hotline_price', 'Update', '{"service_config_id":"2","from_hotline_num":"0","to_hotline_num":"-1","price":"45454545","init_price":"60000","updated_at":"2018-03-20 09:00:56"}', '2018-03-20 09:00:56'),
	(740, 1, 6, 2, 'call_fee_config', 'Update', '{"service_config_id":"2","from_min":"0","to_min":"6","type":"1","call_fees":"8.3333","call_type":"0","updated_at":"2018-03-20 09:02:23","status":0}', '2018-03-20 09:02:23'),
	(742, 1, 10, 2, 'call_fee_config', 'Update', '{"service_config_id":"2","from_min":"3000001","to_min":"6000000","type":"1","call_fees":"7.5757","call_type":"1","updated_at":"2018-03-20 09:04:00","status":0}', '2018-03-20 09:04:00'),
	(744, 1, 10, 2, 'call_fee_config', 'Update', '{"service_config_id":"2","from_min":"3000001","to_min":"6000000","type":"1","call_fees":"7.5757","call_type":"0","updated_at":"2018-03-20 09:06:01"}', '2018-03-20 09:06:01'),
	(746, 1, 8, 2, 'call_fee_config', 'Update', '{"service_config_id":"2","from_min":"7","to_min":"3000000","type":"1","call_fees":"8.3333","call_type":"0","updated_at":"2018-03-20 09:14:27","status":0}', '2018-03-20 09:14:27'),
	(748, 1, 12, 2, 'call_fee_config', 'Update', '{"service_config_id":"2","from_min":"6000001","to_min":"9000000","type":"1","call_fees":"6.8181","call_type":"0","updated_at":"2018-03-20 09:20:07","status":0}', '2018-03-20 09:20:07'),
	(750, 1, 14, 2, 'call_fee_config', 'Create', '{"service_config_id":"2","from_min":"9000001","to_min":"12000000","type":"1","call_fees":"6.0606","call_type":"0","created_at":"2018-03-20 09:20:46","updated_at":"2018-03-20 09:20:46"}', '2018-03-20 09:20:46'),
	(752, 1, 16, 2, 'call_fee_config', 'Create', '{"service_config_id":"2","from_min":"12000001","to_min":"24000000","type":"1","call_fees":"5.3030","call_type":"0","created_at":"2018-03-20 09:21:31","updated_at":"2018-03-20 09:21:31"}', '2018-03-20 09:21:31'),
	(754, 1, 18, 2, 'call_fee_config', 'Create', '{"service_config_id":"2","from_min":"24000001","to_min":"-1","type":"1","call_fees":"4.5454","call_type":"0","created_at":"2018-03-20 09:21:57","updated_at":"2018-03-20 09:21:57"}', '2018-03-20 09:21:57'),
	(756, 1, 20, 2, 'call_fee_config', 'Create', '{"service_config_id":"2","from_min":"0","to_min":"-1","type":"2","call_fees":"11.8181","call_type":"0","created_at":"2018-03-20 09:22:43","updated_at":"2018-03-20 09:22:43"}', '2018-03-20 09:22:43'),
	(758, 1, 4, 2, 'quantity_config', 'Create', '{"service_config_id":"2","min":"100000","description":"M_SIP1","type":"1","price":"45454545"}', '2018-03-20 09:32:13'),
	(760, 1, 4, 0, 'quantity_config', 'Soft Delete', '{"status":2,"updated_at":"2018-03-20 09:34:46"}', '2018-03-20 09:34:46'),
	(762, 1, 6, 2, 'quantity_config', 'Create', '{"service_config_id":"2","min":"100000","description":"M_SIP1","type":"0","price":"45454545"}', '2018-03-20 09:35:09'),
	(764, 1, 8, 2, 'quantity_config', 'Create', '{"service_config_id":"2","min":"200000","description":"M_SIP2","type":"0","price":"72727272"}', '2018-03-20 09:35:42'),
	(766, 1, 10, 2, 'quantity_config', 'Create', '{"service_config_id":"2","min":"400000","description":"M_SIP3","type":"0","price":"109090909"}', '2018-03-20 09:36:09'),
	(768, 1, 30, 0, 'hot_line_config', 'api/changeHotlineStatus', '{"enterprise_number":"0888222222","hotline_number":"01626932396","status":1}', '2018-03-20 10:32:38'),
	(770, 1, 30, 0, 'sbc.routing', 'api/changeHotlineStatus', '{"enterprise_number":"0888222222","hotline_number":"01626932396","status":1}', '2018-03-20 10:32:38'),
	(772, 1, 30, 0, 'hot_line_config', 'api/changeHotlineStatus', '{"enterprise_number":"0888222222","hotline_number":"01626932396","status":0}', '2018-03-20 10:32:44'),
	(774, 1, 30, 0, 'sbc.routing', 'api/changeHotlineStatus', '{"enterprise_number":"0888222222","hotline_number":"01626932396","status":0}', '2018-03-20 10:32:44'),
	(776, 1, 30, 0, 'hot_line_config', 'api/changeHotlineStatus', '{"enterprise_number":"0888222222","hotline_number":"01626932396","status":0}', '2018-03-20 10:33:00'),
	(778, 1, 30, 0, 'sbc.routing', 'api/changeHotlineStatus', '{"enterprise_number":"0888222222","hotline_number":"01626932396","status":0}', '2018-03-20 10:33:00'),
	(780, 1, 30, 0, 'hot_line_config', 'api/changeHotlineStatus', '{"enterprise_number":"0888222222","hotline_number":"01626932396","status":1}', '2018-03-20 10:33:02'),
	(782, 1, 30, 0, 'sbc.routing', 'api/changeHotlineStatus', '{"enterprise_number":"0888222222","hotline_number":"01626932396","status":1}', '2018-03-20 10:33:02'),
	(784, 2, 2, 2, 'service_config_hotline_price', 'Update', '{"service_config_id":"2","from_hotline_num":"0","to_hotline_num":"-1","price":"45454","init_price":"60000","updated_at":"2018-03-20 11:59:57"}', '2018-03-20 11:59:57');
/*!40000 ALTER TABLE `activity` ENABLE KEYS */;

-- Dumping structure for table vnmcms.call_fee_config
CREATE TABLE IF NOT EXISTS `call_fee_config` (
  `id` int(11) NOT NULL AUTO_INCREMENT,
  `service_config_id` int(11) DEFAULT NULL COMMENT 'id bng services_config',
  `type` int(11) NOT NULL DEFAULT '1' COMMENT '1:noi mang, 2:ngoai mang, 3: quoc te ...',
  `from_min` bigint(20) DEFAULT NULL COMMENT 't pht th',
  `to_min` bigint(20) DEFAULT NULL COMMENT 'n pht th (-1 l v hn)',
  `call_fees` double DEFAULT NULL COMMENT 'cc (VND)',
  `status` int(2) DEFAULT '0' COMMENT '0: Bnh thng, 1: Tm kha, 2:Hy ',
  `call_type` int(1) DEFAULT NULL COMMENT '0 : outbound, 1: internal mobi, 2: divert mobi',
  `created_at` datetime DEFAULT CURRENT_TIMESTAMP,
  `updated_at` datetime DEFAULT CURRENT_TIMESTAMP,
  `priority` int(2) DEFAULT NULL COMMENT ' u tin, trnh trng hp nhiu khong trng nhau',
  PRIMARY KEY (`id`),
  KEY `services_id` (`service_config_id`)
) ENGINE=InnoDB AUTO_INCREMENT=21 DEFAULT CHARSET=utf8 COLLATE=utf8_unicode_ci COMMENT='cu hnh cc cuc gi';

-- Dumping data for table vnmcms.call_fee_config: ~11 rows (approximately)
/*!40000 ALTER TABLE `call_fee_config` DISABLE KEYS */;
INSERT IGNORE INTO `call_fee_config` (`id`, `service_config_id`, `type`, `from_min`, `to_min`, `call_fees`, `status`, `call_type`, `created_at`, `updated_at`, `priority`) VALUES
	(1, 1, 1, 0, -1, 6, 0, 0, '2018-03-06 11:15:10', '2018-03-19 11:33:20', NULL),
	(3, 1, 2, 0, -1, 5, 0, 0, '2018-03-06 11:15:22', '2018-03-06 11:15:22', NULL),
	(5, 1, 1, 0, -1, 2, 0, 1, '2018-03-06 11:15:48', '2018-03-06 23:09:31', NULL),
	(6, 2, 1, 0, 6, 8.3333, 0, 0, '2018-03-19 22:04:49', '2018-03-20 09:02:23', NULL),
	(8, 2, 1, 7, 3000000, 8.3333, 0, 0, '2018-03-19 22:05:12', '2018-03-20 09:14:27', NULL),
	(10, 2, 1, 3000001, 6000000, 7.5757, 0, 0, '2018-03-19 22:17:40', '2018-03-20 09:06:01', NULL),
	(12, 2, 1, 6000001, 9000000, 6.8181, 0, 0, '2018-03-19 22:17:48', '2018-03-20 09:20:07', NULL),
	(14, 2, 1, 9000001, 12000000, 6.0606, 0, 0, '2018-03-20 09:20:46', '2018-03-20 09:20:46', NULL),
	(16, 2, 1, 12000001, 24000000, 5.303, 0, 0, '2018-03-20 09:21:31', '2018-03-20 09:21:31', NULL),
	(18, 2, 1, 24000001, -1, 4.5454, 0, 0, '2018-03-20 09:21:57', '2018-03-20 09:21:57', NULL),
	(20, 2, 2, 0, -1, 11.8181, 0, 0, '2018-03-20 09:22:43', '2018-03-20 09:22:43', NULL);
/*!40000 ALTER TABLE `call_fee_config` ENABLE KEYS */;

-- Dumping structure for table vnmcms.call_fee_cycle_status
CREATE TABLE IF NOT EXISTS `call_fee_cycle_status` (
  `id` int(11) NOT NULL AUTO_INCREMENT,
  `enterprise_number` varchar(50) COLLATE utf8mb4_unicode_ci NOT NULL,
  `type` int(11) NOT NULL COMMENT '1:noi mang, 2:ngoai mang, 3: quoc te ...',
  `call_type` int(11) NOT NULL COMMENT '0 : outbound, 1: internal mobi, 2: divert mobi',
  `cycle_from` datetime NOT NULL,
  `cycle_to` datetime NOT NULL,
  `total_duration` bigint(20) NOT NULL COMMENT 'phut',
  `total_amount` double NOT NULL COMMENT 'tong tien vnd',
  `created_at` datetime NOT NULL,
  `updated_at` datetime NOT NULL,
  PRIMARY KEY (`id`)
) ENGINE=InnoDB AUTO_INCREMENT=5 DEFAULT CHARSET=utf8mb4 COLLATE=utf8mb4_unicode_ci;

-- Dumping data for table vnmcms.call_fee_cycle_status: ~2 rows (approximately)
/*!40000 ALTER TABLE `call_fee_cycle_status` DISABLE KEYS */;
INSERT IGNORE INTO `call_fee_cycle_status` (`id`, `enterprise_number`, `type`, `call_type`, `cycle_from`, `cycle_to`, `total_duration`, `total_amount`, `created_at`, `updated_at`) VALUES
	(2, '888222222', 2, 0, '2018-03-01 00:00:00', '2018-03-31 23:59:59', 0, 0, '2018-03-17 22:09:29', '2018-03-19 15:32:30'),
	(4, '888222222', 1, 0, '2018-03-01 00:00:00', '2018-03-31 23:59:59', 0, 0, '2018-03-17 22:09:30', '2018-03-19 15:32:30');
/*!40000 ALTER TABLE `call_fee_cycle_status` ENABLE KEYS */;

-- Dumping structure for table vnmcms.charge_log
CREATE TABLE IF NOT EXISTS `charge_log` (
  `id` int(11) NOT NULL AUTO_INCREMENT,
  `event_type` varchar(6) COLLATE utf8mb4_unicode_ci DEFAULT NULL COMMENT '1: sub, 2:call, 3:sms',
  `event_source` int(11) DEFAULT NULL,
  `event_id` varchar(250) COLLATE utf8mb4_unicode_ci DEFAULT NULL,
  `charge_session_id` varchar(250) COLLATE utf8mb4_unicode_ci DEFAULT NULL,
  `display_num` varchar(50) COLLATE utf8mb4_unicode_ci DEFAULT NULL COMMENT 'S hin th',
  `called_num` varchar(50) COLLATE utf8mb4_unicode_ci DEFAULT NULL COMMENT 'S ch',
  `hotline_num` varchar(50) COLLATE utf8mb4_unicode_ci DEFAULT NULL COMMENT 'S Hotline',
  `enterprise_num` varchar(50) COLLATE utf8mb4_unicode_ci DEFAULT NULL COMMENT 'S i din',
  `event_occur_time` datetime DEFAULT NULL COMMENT 'Thi im pht sinh cc',
  `charge_time` datetime DEFAULT NULL,
  `amount` double DEFAULT NULL COMMENT 'so tien charge',
  `count` bigint(20) DEFAULT NULL COMMENT 'so phut goi',
  `total_count` bigint(20) DEFAULT NULL COMMENT 'tong so phut',
  `total_amount` double DEFAULT NULL,
  `charge_status` int(11) DEFAULT NULL COMMENT '1 thanh cong, 0: khong thanh cong',
  `charge_result` varchar(50) COLLATE utf8mb4_unicode_ci DEFAULT NULL COMMENT 'result code tra ve tu gw',
  `charge_description` varchar(500) COLLATE utf8mb4_unicode_ci DEFAULT NULL,
  `direction_type` varchar(10) COLLATE utf8mb4_unicode_ci DEFAULT NULL,
  `destination_type` varchar(10) COLLATE utf8mb4_unicode_ci DEFAULT NULL,
  `account_id` int(11) DEFAULT NULL,
  `retry_times` int(11) DEFAULT '0' COMMENT 'so lan charge',
  `insert_time` datetime DEFAULT CURRENT_TIMESTAMP,
  `retry_after` datetime DEFAULT NULL,
  `cus_id` int(11) DEFAULT NULL,
  PRIMARY KEY (`id`)
) ENGINE=InnoDB AUTO_INCREMENT=16 DEFAULT CHARSET=utf8mb4 COLLATE=utf8mb4_unicode_ci;

-- Dumping data for table vnmcms.charge_log: ~6 rows (approximately)
/*!40000 ALTER TABLE `charge_log` DISABLE KEYS */;
INSERT IGNORE INTO `charge_log` (`id`, `event_type`, `event_source`, `event_id`, `charge_session_id`, `display_num`, `called_num`, `hotline_num`, `enterprise_num`, `event_occur_time`, `charge_time`, `amount`, `count`, `total_count`, `total_amount`, `charge_status`, `charge_result`, `charge_description`, `direction_type`, `destination_type`, `account_id`, `retry_times`, `insert_time`, `retry_after`, `cus_id`) VALUES
	(5, '000001', 3, '000001.20180306131422-WSHGRNDB-1', '000001.20180306131422-WSHGRNDB-1', '', '', '', '888222222', '2018-03-06 13:14:22', '2018-03-06 13:14:22', 147000, 0, 0, 0, 1, '0', '', '', '', NULL, 0, '2018-03-06 13:14:22', NULL, 1),
	(7, '000001', 3, '000001.20180306131422-WSHGRNDB-2', '000001.20180306131422-WSHGRNDB-2', '', '', '', '888222222', '2018-03-06 13:14:22', '2018-03-06 13:14:22', 98000, 0, 0, 0, 1, '0', '', '', '', NULL, 0, '2018-03-06 13:14:22', NULL, 1),
	(9, '000001', 4, '000001.20180306133557-TKXFNQXQ-1', '000001.20180306133557-TKXFNQXQ-1', '', '', '', '888222222', '2018-03-06 13:35:58', '2018-03-06 13:35:58', 15000, 0, 0, 0, 1, '0', '', '', '', NULL, 0, '2018-03-06 13:35:58', NULL, 1),
	(11, '000001', 4, '000001.20180306135300-UTYRLGDR-1', '000001.20180306135300-UTYRLGDR-1', '', '', '', '888222222', '2018-03-06 13:53:01', '2018-03-06 14:58:56', 15000, 0, 0, 0, 1, '0', '', '', '', NULL, 2, '2018-03-06 13:53:01', '2018-03-06 14:02:56', 1),
	(13, '000001', 3, '000001.20180308063834-XTHRHPHO-1', '000001.20180308063834-XTHRHPHO-1', '', '', '', 'A0992112211', '2018-03-08 06:38:35', '2018-03-08 06:38:35', 0, 0, 0, 0, 1, '0', '', '', '', NULL, 0, '2018-03-08 06:38:35', NULL, 5),
	(15, '000001', 3, '000001.20180308063834-XTHRHPHO-2', '000001.20180308063834-XTHRHPHO-2', '', '', '', 'A0992112211', '2018-03-08 06:38:35', '2018-03-08 06:38:35', 0, 0, 0, 0, 1, '0', '', '', '', NULL, 0, '2018-03-08 06:38:35', NULL, 5);
/*!40000 ALTER TABLE `charge_log` ENABLE KEYS */;

-- Dumping structure for table vnmcms.customers
CREATE TABLE IF NOT EXISTS `customers` (
  `id` int(11) NOT NULL AUTO_INCREMENT COMMENT 'Customer ID ',
  `companyname` varchar(250) COLLATE utf8mb4_unicode_ci DEFAULT NULL,
  `cus_name` varchar(250) COLLATE utf8mb4_unicode_ci DEFAULT NULL,
  `enterprise_number` varchar(100) COLLATE utf8mb4_unicode_ci DEFAULT NULL,
  `firstname` varchar(250) COLLATE utf8mb4_unicode_ci DEFAULT NULL,
  `midinit` varchar(250) COLLATE utf8mb4_unicode_ci DEFAULT NULL,
  `lastname` varchar(250) COLLATE utf8mb4_unicode_ci DEFAULT NULL,
  `addr` varchar(250) COLLATE utf8mb4_unicode_ci DEFAULT NULL,
  `title` varchar(250) COLLATE utf8mb4_unicode_ci DEFAULT NULL,
  `city` varchar(250) COLLATE utf8mb4_unicode_ci DEFAULT NULL,
  `state` varchar(250) COLLATE utf8mb4_unicode_ci DEFAULT NULL,
  `zip` varchar(250) COLLATE utf8mb4_unicode_ci DEFAULT NULL,
  `country` varchar(250) COLLATE utf8mb4_unicode_ci DEFAULT NULL,
  `taxcode` varchar(250) COLLATE utf8mb4_unicode_ci DEFAULT NULL,
  `licenseno` varchar(250) COLLATE utf8mb4_unicode_ci DEFAULT NULL,
  `dateofissue` datetime DEFAULT NULL,
  `issuedby` varchar(250) COLLATE utf8mb4_unicode_ci DEFAULT NULL,
  `phone1` varchar(250) COLLATE utf8mb4_unicode_ci DEFAULT NULL,
  `phone2` varchar(250) COLLATE utf8mb4_unicode_ci DEFAULT NULL,
  `email` varchar(250) COLLATE utf8mb4_unicode_ci DEFAULT NULL,
  `bcc` varchar(250) COLLATE utf8mb4_unicode_ci DEFAULT NULL,
  `send_statistics` int(11) DEFAULT NULL,
  `amid` int(11) DEFAULT NULL,
  `amname` varchar(250) COLLATE utf8mb4_unicode_ci DEFAULT NULL,
  `agencyid` int(11) DEFAULT NULL COMMENT 'M n v',
  `regionid` int(11) DEFAULT NULL COMMENT 'M khu vc',
  `blocked` int(11) DEFAULT '0' COMMENT '0: M, 1:Chn, 2: Hy dch v',
  `capacity` int(11) DEFAULT NULL,
  `description` varchar(250) COLLATE utf8mb4_unicode_ci DEFAULT NULL,
  `service_id` int(11) DEFAULT NULL,
  `created_at` timestamp NULL DEFAULT CURRENT_TIMESTAMP,
  `updated_at` timestamp NULL DEFAULT CURRENT_TIMESTAMP,
  `ip_auth` varchar(100) COLLATE utf8mb4_unicode_ci DEFAULT NULL,
  `ip_proxy` varchar(100) COLLATE utf8mb4_unicode_ci DEFAULT NULL,
  `destination` varchar(100) COLLATE utf8mb4_unicode_ci DEFAULT NULL,
  PRIMARY KEY (`id`),
  UNIQUE KEY `enterprise_number` (`enterprise_number`),
  KEY `id` (`id`)
) ENGINE=InnoDB AUTO_INCREMENT=7 DEFAULT CHARSET=utf8mb4 COLLATE=utf8mb4_unicode_ci COMMENT='Khch hng (theo docs ca Tng)  cus_name\r\n    companyname      firstname     midinit     lastname     addr     city     state     zip    country     phone1     phone2     email     bcc     send_statistics     blocked     capacity     description\r\nB sung: service_id';

-- Dumping data for table vnmcms.customers: ~4 rows (approximately)
/*!40000 ALTER TABLE `customers` DISABLE KEYS */;
INSERT IGNORE INTO `customers` (`id`, `companyname`, `cus_name`, `enterprise_number`, `firstname`, `midinit`, `lastname`, `addr`, `title`, `city`, `state`, `zip`, `country`, `taxcode`, `licenseno`, `dateofissue`, `issuedby`, `phone1`, `phone2`, `email`, `bcc`, `send_statistics`, `amid`, `amname`, `agencyid`, `regionid`, `blocked`, `capacity`, `description`, `service_id`, `created_at`, `updated_at`, `ip_auth`, `ip_proxy`, `destination`) VALUES
	(1, 'Interits Demo', 'Vit', '0888222222', NULL, NULL, NULL, 'CS', NULL, NULL, NULL, NULL, NULL, '123123', '511', '2018-01-21 00:00:00', NULL, NULL, NULL, 'cs@a.c', NULL, NULL, NULL, NULL, NULL, NULL, 0, NULL, NULL, 1, '2018-03-06 11:54:10', '2018-03-20 10:33:59', '210.245.26.14', NULL, '210.245.26.14:5060'),
	(3, 'Vconnect', 'V connect Sample', '09821112221BCD', NULL, NULL, NULL, 'Hanoi', NULL, NULL, NULL, NULL, NULL, 'V00992221', 'V00992221', '2018-01-21 00:00:00', 'Hapi', '098218877662111', NULL, 'email@gmail.com', NULL, NULL, 1, 'agent', 2, 2, 2, NULL, NULL, 1, '2018-03-06 23:02:49', '2018-03-07 06:48:51', NULL, NULL, NULL),
	(5, 'Cong ty B', 'Vconnet2', 'A0992112211A', NULL, NULL, NULL, 'HN', NULL, NULL, NULL, NULL, NULL, '098222111', '9988222', '2018-02-11 00:00:00', 'Ha noi', NULL, NULL, 'aconnect@gmail.com', NULL, NULL, NULL, NULL, NULL, NULL, 0, NULL, NULL, 1, '2018-03-07 06:37:41', '2018-03-20 13:24:29', NULL, NULL, NULL),
	(6, 'Hanoi Vietnam', 'Thm mi khch', '123455222', NULL, NULL, NULL, 'Hanoi Vienam', NULL, NULL, NULL, NULL, NULL, NULL, NULL, NULL, NULL, '0982212221', NULL, 'hanoi@gmail.com', NULL, NULL, NULL, NULL, NULL, NULL, 0, NULL, NULL, 2, '2018-03-15 16:56:24', '2018-03-19 17:50:33', '10.1.0.212', '10.1.0.222', '10.1.0.223');
/*!40000 ALTER TABLE `customers` ENABLE KEYS */;

-- Dumping structure for table vnmcms.hot_line_config
CREATE TABLE IF NOT EXISTS `hot_line_config` (
  `id` int(11) NOT NULL AUTO_INCREMENT,
  `cus_id` int(11) NOT NULL COMMENT 'Customer ID',
  `hotline_number` varchar(50) COLLATE utf8mb4_unicode_ci NOT NULL,
  `enterprise_number` varchar(50) COLLATE utf8mb4_unicode_ci NOT NULL,
  `updated_at` timestamp NOT NULL DEFAULT CURRENT_TIMESTAMP,
  `created_at` timestamp NOT NULL DEFAULT CURRENT_TIMESTAMP,
  `status` int(11) DEFAULT '0' COMMENT '0: ang hot ng, 1: Tm ngng, 2:Hy',
  `init_charge` int(11) NOT NULL DEFAULT '0' COMMENT '0: la chua thu tien khoi tao',
  `sip_config` datetime DEFAULT NULL COMMENT 'Null, cha thit lp, Date:  thit lp ',
  PRIMARY KEY (`id`),
  KEY `enterprise_number` (`enterprise_number`),
  KEY `hotline_number` (`hotline_number`)
) ENGINE=InnoDB AUTO_INCREMENT=37 DEFAULT CHARSET=utf8mb4 COLLATE=utf8mb4_unicode_ci;

-- Dumping data for table vnmcms.hot_line_config: ~14 rows (approximately)
/*!40000 ALTER TABLE `hot_line_config` DISABLE KEYS */;
INSERT IGNORE INTO `hot_line_config` (`id`, `cus_id`, `hotline_number`, `enterprise_number`, `updated_at`, `created_at`, `status`, `init_charge`, `sip_config`) VALUES
	(5, 1, '01626932396', '0888222222', '2018-03-16 16:31:46', '2018-03-07 07:21:21', 2, 0, '2018-03-19 15:34:32'),
	(9, 1, '00987221122', '0888222222', '2018-03-16 16:31:49', '2018-03-07 07:22:47', 2, 0, NULL),
	(11, 1, '0982221122', '0888222222', '2018-03-16 16:31:47', '2018-03-07 07:24:18', 2, 0, NULL),
	(16, 6, '19001001', '123455222', '2018-03-19 00:00:00', '2018-03-15 16:56:24', 2, 0, NULL),
	(18, 6, '19001002', '123455222', '2018-03-19 00:00:00', '2018-03-15 16:56:24', 2, 0, NULL),
	(20, 1, '0982221122', '0888222222', '2018-03-16 16:31:47', '2018-03-16 15:09:41', 2, 0, NULL),
	(22, 1, '01626932396', '0888222222', '2018-03-16 16:31:46', '2018-03-16 15:10:45', 2, 0, NULL),
	(24, 1, '01626932396', '0888222222', '2018-03-16 16:31:46', '2018-03-16 16:24:08', 2, 0, NULL),
	(26, 1, '01626932396', '0888222222', '2018-03-16 16:31:46', '2018-03-16 16:27:18', 2, 0, NULL),
	(28, 1, '0973597579', '0888222222', '2018-03-19 00:00:00', '2018-03-16 16:30:45', 2, 0, NULL),
	(30, 1, '01626932396', '0888222222', '2018-03-20 10:33:02', '2018-03-16 16:32:02', 0, 0, NULL),
	(31, 6, '19002011', '123455222', '2018-03-19 15:42:51', '2018-03-19 15:42:51', 0, 0, '2018-03-19 15:42:51'),
	(33, 6, '19002012', '123455222', '2018-03-19 15:42:51', '2018-03-19 15:42:51', 0, 0, '2018-03-19 15:42:51'),
	(35, 6, '1800', '123455222', '2018-03-19 00:00:00', '2018-03-19 15:42:51', 2, 0, NULL);
/*!40000 ALTER TABLE `hot_line_config` ENABLE KEYS */;

-- Dumping structure for table vnmcms.prefix_type
CREATE TABLE IF NOT EXISTS `prefix_type` (
  `id` int(11) NOT NULL AUTO_INCREMENT,
  `prefix_called` varchar(50) COLLATE utf8mb4_unicode_ci NOT NULL,
  `type` int(11) NOT NULL COMMENT '1:noi mang, 2:ngoai mang, 3: quoc te ...',
  `priority` int(11) NOT NULL DEFAULT '0',
  PRIMARY KEY (`id`)
) ENGINE=InnoDB AUTO_INCREMENT=3 DEFAULT CHARSET=utf8mb4 COLLATE=utf8mb4_unicode_ci COMMENT='bng mapping gia u s ch v loi cuc gi';

-- Dumping data for table vnmcms.prefix_type: ~2 rows (approximately)
/*!40000 ALTER TABLE `prefix_type` DISABLE KEYS */;
INSERT IGNORE INTO `prefix_type` (`id`, `prefix_called`, `type`, `priority`) VALUES
	(1, '090|093|0120|0121|0122|0126|0128|089', 1, 0),
	(2, '', 2, 1);
/*!40000 ALTER TABLE `prefix_type` ENABLE KEYS */;

-- Dumping structure for table vnmcms.quantity_config
CREATE TABLE IF NOT EXISTS `quantity_config` (
  `id` int(11) NOT NULL AUTO_INCREMENT,
  `service_config_id` int(11) DEFAULT NULL COMMENT 'id bng services_config',
  `min` int(11) DEFAULT NULL,
  `price` int(11) DEFAULT NULL,
  `description` varchar(5000) COLLATE utf8mb4_unicode_ci DEFAULT NULL,
  `created_at` timestamp NULL DEFAULT CURRENT_TIMESTAMP,
  `updated_at` timestamp NULL DEFAULT CURRENT_TIMESTAMP,
  `status` int(11) DEFAULT '0' COMMENT '0: Bnh thng, 1, Tm kha, 2 Hy ',
  `type` int(11) DEFAULT '0' COMMENT '0: noi mang, 1: trong nuoc',
  PRIMARY KEY (`id`)
) ENGINE=InnoDB AUTO_INCREMENT=11 DEFAULT CHARSET=utf8mb4 COLLATE=utf8mb4_unicode_ci;

-- Dumping data for table vnmcms.quantity_config: ~6 rows (approximately)
/*!40000 ALTER TABLE `quantity_config` DISABLE KEYS */;
INSERT IGNORE INTO `quantity_config` (`id`, `service_config_id`, `min`, `price`, `description`, `created_at`, `updated_at`, `status`, `type`) VALUES
	(1, 1, 100, 15000, 'Gi a', '2018-03-05 23:56:09', '2018-03-05 23:56:09', 0, 0),
	(3, 1, 200, 20000, 'Gi ngoi mng', '2018-03-06 11:09:38', '2018-03-06 11:09:38', 0, 1),
	(4, 2, 100000, 45454545, 'M_SIP1', '2018-03-20 09:32:13', '2018-03-20 09:34:46', 2, 1),
	(6, 2, 100000, 45454545, 'M_SIP1', '2018-03-20 09:35:09', '2018-03-20 09:35:09', 0, 0),
	(8, 2, 200000, 72727272, 'M_SIP2', '2018-03-20 09:35:42', '2018-03-20 09:35:42', 0, 0),
	(10, 2, 400000, 109090909, 'M_SIP3', '2018-03-20 09:36:09', '2018-03-20 09:36:09', 0, 0);
/*!40000 ALTER TABLE `quantity_config` ENABLE KEYS */;

-- Dumping structure for table vnmcms.quantity_subcriber
CREATE TABLE IF NOT EXISTS `quantity_subcriber` (
  `id` int(11) NOT NULL AUTO_INCREMENT,
  `service_subcriber_id` int(11) DEFAULT NULL COMMENT 'mapping serrvice_subcriber',
  `quantity_config_id` int(11) DEFAULT NULL COMMENT 'mapping quantity_config',
  `created_at` timestamp NULL DEFAULT CURRENT_TIMESTAMP,
  `updated_at` timestamp NULL DEFAULT CURRENT_TIMESTAMP,
  `status` int(11) DEFAULT NULL COMMENT '0: Bnh thng, 1: Tm ngng, 2 Kch hot',
  `resub` int(11) DEFAULT '0' COMMENT '0: khong resub, 1:co',
  `begin_use_date` timestamp NULL DEFAULT NULL COMMENT 'thoi gian bat dau su dung',
  `init_charge` int(11) DEFAULT '0' COMMENT '0: chua charge lan dau, 1: da charge lan dau',
  `last_charge_date` datetime DEFAULT NULL COMMENT 'lan dau tien luu NULL',
  `last_charge_sub_status` int(11) DEFAULT NULL COMMENT 'lan dau tien luu NULL',
  `last_try_charge_date` datetime DEFAULT NULL,
  PRIMARY KEY (`id`)
) ENGINE=InnoDB AUTO_INCREMENT=2 DEFAULT CHARSET=utf8mb4 COLLATE=utf8mb4_unicode_ci;

-- Dumping data for table vnmcms.quantity_subcriber: ~0 rows (approximately)
/*!40000 ALTER TABLE `quantity_subcriber` DISABLE KEYS */;
INSERT IGNORE INTO `quantity_subcriber` (`id`, `service_subcriber_id`, `quantity_config_id`, `created_at`, `updated_at`, `status`, `resub`, `begin_use_date`, `init_charge`, `last_charge_date`, `last_charge_sub_status`, `last_try_charge_date`) VALUES
	(1, 1, 1, '2018-03-06 13:32:01', '2018-03-06 13:51:59', 0, 1, '2018-03-06 00:00:00', 1, '2018-03-06 13:53:01', 0, '2018-03-06 13:53:00');
/*!40000 ALTER TABLE `quantity_subcriber` ENABLE KEYS */;

-- Dumping structure for table vnmcms.quantity_subcriber_cycle_status
CREATE TABLE IF NOT EXISTS `quantity_subcriber_cycle_status` (
  `id` int(11) NOT NULL AUTO_INCREMENT,
  `enterprise_number` varchar(50) COLLATE utf8mb4_unicode_ci NOT NULL,
  `created_at` timestamp NULL DEFAULT NULL,
  `updated_at` timestamp NULL DEFAULT NULL,
  `cycle_from` datetime NOT NULL,
  `cycle_to` datetime NOT NULL,
  `reserve_duration` bigint(20) NOT NULL,
  `total_reserve` bigint(20) NOT NULL,
  `activated` int(11) NOT NULL COMMENT '0: chua dung, 1: da dung',
  `type` int(11) DEFAULT NULL COMMENT '0: noi mang, 1: trong nuoc',
  PRIMARY KEY (`id`)
) ENGINE=InnoDB AUTO_INCREMENT=2 DEFAULT CHARSET=utf8mb4 COLLATE=utf8mb4_unicode_ci;

-- Dumping data for table vnmcms.quantity_subcriber_cycle_status: ~0 rows (approximately)
/*!40000 ALTER TABLE `quantity_subcriber_cycle_status` DISABLE KEYS */;
INSERT IGNORE INTO `quantity_subcriber_cycle_status` (`id`, `enterprise_number`, `created_at`, `updated_at`, `cycle_from`, `cycle_to`, `reserve_duration`, `total_reserve`, `activated`, `type`) VALUES
	(1, '888222222', '2018-03-06 13:35:58', '2018-03-19 15:32:30', '2018-03-01 00:00:00', '2018-03-31 23:59:59', 147, 200, 1, 0);
/*!40000 ALTER TABLE `quantity_subcriber_cycle_status` ENABLE KEYS */;

-- Dumping structure for table vnmcms.quantity_subcriber_log
CREATE TABLE IF NOT EXISTS `quantity_subcriber_log` (
  `id` int(11) NOT NULL AUTO_INCREMENT,
  `service_subcriber_id` int(11) DEFAULT NULL,
  `quantity_config_id` int(11) DEFAULT NULL,
  `created_at` timestamp NULL DEFAULT NULL,
  `updated_at` timestamp NULL DEFAULT NULL,
  `status` int(11) DEFAULT NULL COMMENT '0: deactive, 1: active',
  `insert_date` timestamp NULL DEFAULT NULL,
  `begin_use_date` timestamp NULL DEFAULT NULL COMMENT 'thoi gian bat dau su dung',
  `actor_user_id` int(11) DEFAULT NULL,
  `type` int(11) DEFAULT '0' COMMENT '0: noi mang, 1: trong nuoc',
  PRIMARY KEY (`id`)
) ENGINE=InnoDB DEFAULT CHARSET=utf8mb4 COLLATE=utf8mb4_unicode_ci;

-- Dumping data for table vnmcms.quantity_subcriber_log: ~0 rows (approximately)
/*!40000 ALTER TABLE `quantity_subcriber_log` DISABLE KEYS */;
/*!40000 ALTER TABLE `quantity_subcriber_log` ENABLE KEYS */;

-- Dumping structure for table vnmcms.report_days
CREATE TABLE IF NOT EXISTS `report_days` (
  `full_time` date DEFAULT NULL,
  `report_year` int(11) DEFAULT NULL,
  `report_month` int(11) DEFAULT NULL,
  `month_name` varchar(100) COLLATE utf8_unicode_ci DEFAULT NULL,
  `report_day` int(11) DEFAULT NULL,
  UNIQUE KEY `full_time` (`full_time`)
) ENGINE=InnoDB DEFAULT CHARSET=utf8 COLLATE=utf8_unicode_ci ROW_FORMAT=DYNAMIC;

-- Dumping data for table vnmcms.report_days: ~45 rows (approximately)
/*!40000 ALTER TABLE `report_days` DISABLE KEYS */;
INSERT IGNORE INTO `report_days` (`full_time`, `report_year`, `report_month`, `month_name`, `report_day`) VALUES
	('2018-02-04', 2018, 2, 'February', 4),
	('2018-02-05', 2018, 2, 'February', 5),
	('2018-02-06', 2018, 2, 'February', 6),
	('2018-02-07', 2018, 2, 'February', 7),
	('2018-02-08', 2018, 2, 'February', 8),
	('2018-02-09', 2018, 2, 'February', 9),
	('2018-02-10', 2018, 2, 'February', 10),
	('2018-02-11', 2018, 2, 'February', 11),
	('2018-02-12', 2018, 2, 'February', 12),
	('2018-02-13', 2018, 2, 'February', 13),
	('2018-02-14', 2018, 2, 'February', 14),
	('2018-02-15', 2018, 2, 'February', 15),
	('2018-02-16', 2018, 2, 'February', 16),
	('2018-02-17', 2018, 2, 'February', 17),
	('2018-02-18', 2018, 2, 'February', 18),
	('2018-02-19', 2018, 2, 'February', 19),
	('2018-02-20', 2018, 2, 'February', 20),
	('2018-02-21', 2018, 2, 'February', 21),
	('2018-02-22', 2018, 2, 'February', 22),
	('2018-02-23', 2018, 2, 'February', 23),
	('2018-02-24', 2018, 2, 'February', 24),
	('2018-02-25', 2018, 2, 'February', 25),
	('2018-02-26', 2018, 2, 'February', 26),
	('2018-02-27', 2018, 2, 'February', 27),
	('2018-02-28', 2018, 2, 'February', 28),
	('2018-03-01', 2018, 3, 'March', 1),
	('2018-03-02', 2018, 3, 'March', 2),
	('2018-03-03', 2018, 3, 'March', 3),
	('2018-03-04', 2018, 3, 'March', 4),
	('2018-03-05', 2018, 3, 'March', 5),
	('2018-03-06', 2018, 3, 'March', 6),
	('2018-03-07', 2018, 3, 'March', 7),
	('2018-03-08', 2018, 3, 'March', 8),
	('2018-03-09', 2018, 3, 'March', 9),
	('2018-03-10', 2018, 3, 'March', 10),
	('2018-03-11', 2018, 3, 'March', 11),
	('2018-03-12', 2018, 3, 'March', 12),
	('2018-03-13', 2018, 3, 'March', 13),
	('2018-03-14', 2018, 3, 'March', 14),
	('2018-03-15', 2018, 3, 'March', 15),
	('2018-03-16', 2018, 3, 'March', 16),
	('2018-03-17', 2018, 3, 'March', 17),
	('2018-03-18', 2018, 3, 'March', 18),
	('2018-03-19', 2018, 3, 'March', 19),
	('2018-03-20', 2018, 3, 'March', 20);
/*!40000 ALTER TABLE `report_days` ENABLE KEYS */;

-- Dumping structure for table vnmcms.report_hour_of_day
CREATE TABLE IF NOT EXISTS `report_hour_of_day` (
  `hour` varchar(5) COLLATE utf8_unicode_ci DEFAULT '0',
  `minute` varchar(5) COLLATE utf8_unicode_ci DEFAULT '0'
) ENGINE=InnoDB DEFAULT CHARSET=utf8 COLLATE=utf8_unicode_ci ROW_FORMAT=COMPACT;

-- Dumping data for table vnmcms.report_hour_of_day: ~48 rows (approximately)
/*!40000 ALTER TABLE `report_hour_of_day` DISABLE KEYS */;
INSERT IGNORE INTO `report_hour_of_day` (`hour`, `minute`) VALUES
	('00', '00'),
	('00', '30'),
	('01', '00'),
	('01', '30'),
	('02', '00'),
	('02', '30'),
	('03', '00'),
	('03', '30'),
	('04', '00'),
	('04', '30'),
	('05', '00'),
	('05', '30'),
	('06', '00'),
	('06', '30'),
	('07', '00'),
	('07', '30'),
	('08', '00'),
	('08', '30'),
	('09', '00'),
	('09', '30'),
	('10', '00'),
	('10', '30'),
	('11', '00'),
	('11', '30'),
	('12', '00'),
	('12', '30'),
	('13', '00'),
	('13', '30'),
	('14', '00'),
	('14', '30'),
	('15', '00'),
	('15', '30'),
	('16', '00'),
	('16', '30'),
	('17', '00'),
	('17', '30'),
	('18', '00'),
	('18', '30'),
	('19', '00'),
	('19', '30'),
	('20', '00'),
	('20', '30'),
	('21', '00'),
	('21', '30'),
	('22', '00'),
	('22', '30'),
	('23', '00'),
	('23', '30');
/*!40000 ALTER TABLE `report_hour_of_day` ENABLE KEYS */;

-- Dumping structure for table vnmcms.report_month
CREATE TABLE IF NOT EXISTS `report_month` (
  `m` varchar(4) COLLATE utf8_unicode_ci DEFAULT NULL,
  `mname` varchar(4) COLLATE utf8_unicode_ci DEFAULT NULL
) ENGINE=InnoDB DEFAULT CHARSET=utf8 COLLATE=utf8_unicode_ci ROW_FORMAT=DYNAMIC;

-- Dumping data for table vnmcms.report_month: ~12 rows (approximately)
/*!40000 ALTER TABLE `report_month` DISABLE KEYS */;
INSERT IGNORE INTO `report_month` (`m`, `mname`) VALUES
	('01', 'Jan'),
	('02', 'Feb'),
	('03', 'Mar'),
	('04', 'Apr'),
	('05', 'May'),
	('06', 'Jun'),
	('07', 'Jul'),
	('08', 'Aug'),
	('09', 'Sep'),
	('10', 'Oct'),
	('11', 'Nov'),
	('12', 'Dec');
/*!40000 ALTER TABLE `report_month` ENABLE KEYS */;

-- Dumping structure for table vnmcms.report_week
CREATE TABLE IF NOT EXISTS `report_week` (
  `w` varchar(4) COLLATE utf8_unicode_ci DEFAULT NULL
) ENGINE=InnoDB DEFAULT CHARSET=utf8 COLLATE=utf8_unicode_ci ROW_FORMAT=DYNAMIC;

-- Dumping data for table vnmcms.report_week: ~53 rows (approximately)
/*!40000 ALTER TABLE `report_week` DISABLE KEYS */;
INSERT IGNORE INTO `report_week` (`w`) VALUES
	('01'),
	('02'),
	('03'),
	('04'),
	('05'),
	('06'),
	('07'),
	('08'),
	('09'),
	('10'),
	('11'),
	('12'),
	('13'),
	('14'),
	('15'),
	('16'),
	('17'),
	('18'),
	('19'),
	('20'),
	('21'),
	('22'),
	('23'),
	('24'),
	('25'),
	('26'),
	('27'),
	('28'),
	('29'),
	('30'),
	('31'),
	('32'),
	('33'),
	('34'),
	('35'),
	('36'),
	('37'),
	('38'),
	('39'),
	('40'),
	('41'),
	('42'),
	('43'),
	('44'),
	('45'),
	('46'),
	('47'),
	('48'),
	('49'),
	('50'),
	('51'),
	('52'),
	('53');
/*!40000 ALTER TABLE `report_week` ENABLE KEYS */;

-- Dumping structure for table vnmcms.report_year
CREATE TABLE IF NOT EXISTS `report_year` (
  `y` int(5) DEFAULT NULL
) ENGINE=InnoDB DEFAULT CHARSET=utf8 COLLATE=utf8_unicode_ci ROW_FORMAT=DYNAMIC;

-- Dumping data for table vnmcms.report_year: ~5 rows (approximately)
/*!40000 ALTER TABLE `report_year` DISABLE KEYS */;
INSERT IGNORE INTO `report_year` (`y`) VALUES
	(2015),
	(2016),
	(2017),
	(2018),
	(2019);
/*!40000 ALTER TABLE `report_year` ENABLE KEYS */;

-- Dumping structure for table vnmcms.roles
CREATE TABLE IF NOT EXISTS `roles` (
  `id` int(11) NOT NULL AUTO_INCREMENT,
  `name` varchar(100) COLLATE utf8mb4_unicode_ci DEFAULT NULL,
  `role_id` int(11) DEFAULT NULL,
  `role_key` varchar(50) COLLATE utf8mb4_unicode_ci DEFAULT NULL,
  PRIMARY KEY (`id`)
) ENGINE=InnoDB AUTO_INCREMENT=5 DEFAULT CHARSET=utf8mb4 COLLATE=utf8mb4_unicode_ci;

-- Dumping data for table vnmcms.roles: ~4 rows (approximately)
/*!40000 ALTER TABLE `roles` DISABLE KEYS */;
INSERT IGNORE INTO `roles` (`id`, `name`, `role_id`, `role_key`) VALUES
	(1, 'Administtrator', 1, 'ADMIN'),
	(2, 'Guest', 0, 'GUEST'),
	(3, 'User', 2, 'USER');
/*!40000 ALTER TABLE `roles` ENABLE KEYS */;

-- Dumping structure for table vnmcms.service_config
CREATE TABLE IF NOT EXISTS `service_config` (
  `id` int(11) NOT NULL AUTO_INCREMENT,
  `service_name` varchar(50) COLLATE utf8_unicode_ci DEFAULT NULL COMMENT 'tn dch v',
  `created_at` timestamp NULL DEFAULT CURRENT_TIMESTAMP,
  `updated_at` timestamp NULL DEFAULT CURRENT_TIMESTAMP,
  `type` int(11) DEFAULT '0' COMMENT '0: tron goi, 1: tinh theo so user',
  `status` int(11) DEFAULT '0',
  `product_code` varchar(50) COLLATE utf8_unicode_ci DEFAULT NULL,
  PRIMARY KEY (`id`),
  KEY `product_code` (`product_code`)
) ENGINE=InnoDB AUTO_INCREMENT=3 DEFAULT CHARSET=utf8 COLLATE=utf8_unicode_ci COMMENT='Cu hnh cc gi dch v';

-- Dumping data for table vnmcms.service_config: ~2 rows (approximately)
/*!40000 ALTER TABLE `service_config` DISABLE KEYS */;
INSERT IGNORE INTO `service_config` (`id`, `service_name`, `created_at`, `updated_at`, `type`, `status`, `product_code`) VALUES
	(1, 'VC01 - T03/2018', '2018-03-05 22:54:13', '2018-03-06 12:02:39', 1, 0, 'AAAA'),
	(2, 'MB_SIPTRUNK', '2018-03-19 17:07:38', '2018-03-20 07:29:16', 0, 0, 'ABC');
/*!40000 ALTER TABLE `service_config` ENABLE KEYS */;

-- Dumping structure for table vnmcms.service_config_hotline_price
CREATE TABLE IF NOT EXISTS `service_config_hotline_price` (
  `id` int(11) NOT NULL AUTO_INCREMENT,
  `service_config_id` int(11) DEFAULT NULL,
  `from_hotline_num` int(11) DEFAULT NULL,
  `to_hotline_num` int(11) DEFAULT NULL,
  `price` int(11) DEFAULT NULL COMMENT 'gia thue bao',
  `init_price` int(11) DEFAULT NULL COMMENT 'gia khoi tao',
  `updated_at` timestamp NULL DEFAULT CURRENT_TIMESTAMP,
  `created_at` timestamp NULL DEFAULT CURRENT_TIMESTAMP,
  `status` int(2) DEFAULT '0',
  PRIMARY KEY (`id`)
) ENGINE=InnoDB AUTO_INCREMENT=5 DEFAULT CHARSET=utf8mb4 COLLATE=utf8mb4_unicode_ci;

-- Dumping data for table vnmcms.service_config_hotline_price: ~3 rows (approximately)
/*!40000 ALTER TABLE `service_config_hotline_price` DISABLE KEYS */;
INSERT IGNORE INTO `service_config_hotline_price` (`id`, `service_config_id`, `from_hotline_num`, `to_hotline_num`, `price`, `init_price`, `updated_at`, `created_at`, `status`) VALUES
	(1, 1, 0, -1, 49000, 0, '2018-03-19 11:33:18', '2018-03-05 22:55:02', 0),
	(2, 2, 0, -1, 45454, 60000, '2018-03-20 11:59:57', '2018-03-19 22:18:11', 0),
	(4, 2, 0, -1, 540000, 1000002, '2018-03-20 01:08:34', '2018-03-19 22:18:15', 2);
/*!40000 ALTER TABLE `service_config_hotline_price` ENABLE KEYS */;

-- Dumping structure for table vnmcms.service_config_price
CREATE TABLE IF NOT EXISTS `service_config_price` (
  `id` int(11) NOT NULL AUTO_INCREMENT,
  `service_config_id` int(11) DEFAULT NULL,
  `from_user` int(11) DEFAULT NULL,
  `to_user` int(11) DEFAULT NULL,
  `price` int(11) DEFAULT NULL,
  `created_at` timestamp NULL DEFAULT NULL,
  `updated_at` timestamp NULL DEFAULT NULL,
  `status` tinyint(4) DEFAULT '0',
  PRIMARY KEY (`id`)
) ENGINE=InnoDB AUTO_INCREMENT=9 DEFAULT CHARSET=utf8mb4 COLLATE=utf8mb4_unicode_ci;

-- Dumping data for table vnmcms.service_config_price: ~4 rows (approximately)
/*!40000 ALTER TABLE `service_config_price` DISABLE KEYS */;
INSERT IGNORE INTO `service_config_price` (`id`, `service_config_id`, `from_user`, `to_user`, `price`, `created_at`, `updated_at`, `status`) VALUES
	(1, 1, 0, -1, 49000, NULL, '2018-03-06 14:26:50', 0),
	(2, 2, 0, -1, 49000, NULL, '2018-03-20 01:08:29', 0),
	(6, 2, 0, 10, 250000, NULL, '2018-03-20 01:10:48', 2),
	(8, 2, 11, -1, 2600006, NULL, '2018-03-20 01:10:46', 2);
/*!40000 ALTER TABLE `service_config_price` ENABLE KEYS */;

-- Dumping structure for table vnmcms.service_option_price
CREATE TABLE IF NOT EXISTS `service_option_price` (
  `id` int(11) NOT NULL AUTO_INCREMENT,
  `service_config_id` int(11) NOT NULL,
  `type` int(11) NOT NULL COMMENT '1: extension, 2: call_record, 3: data_storage, 4: api, 5: softphone_3c',
  `from` int(11) NOT NULL,
  `to` int(11) NOT NULL,
  `description` varchar(500) COLLATE utf8mb4_unicode_ci DEFAULT NULL,
  `price` int(11) NOT NULL,
  `status` int(11) NOT NULL DEFAULT '0' COMMENT '0: Bnh thng, 1 tm ngng, 2 Xa',
  `updated_at` timestamp NULL DEFAULT CURRENT_TIMESTAMP,
  `created_at` timestamp NULL DEFAULT CURRENT_TIMESTAMP,
  PRIMARY KEY (`id`)
) ENGINE=InnoDB AUTO_INCREMENT=2 DEFAULT CHARSET=utf8mb4 COLLATE=utf8mb4_unicode_ci;

-- Dumping data for table vnmcms.service_option_price: ~0 rows (approximately)
/*!40000 ALTER TABLE `service_option_price` DISABLE KEYS */;
INSERT IGNORE INTO `service_option_price` (`id`, `service_config_id`, `type`, `from`, `to`, `description`, `price`, `status`, `updated_at`, `created_at`) VALUES
	(1, 1, 1, 0, -1, NULL, 1444, 0, '2018-03-05 23:56:56', '2018-03-05 23:56:56');
/*!40000 ALTER TABLE `service_option_price` ENABLE KEYS */;

-- Dumping structure for table vnmcms.service_option_subcriber
CREATE TABLE IF NOT EXISTS `service_option_subcriber` (
  `id` int(11) NOT NULL AUTO_INCREMENT,
  `service_subcriber_id` int(11) NOT NULL,
  `status` int(11) DEFAULT '0' COMMENT '0: Bnh thng, 1: Tm ngng, 2 xa',
  `begin_charge_date` datetime DEFAULT NULL COMMENT 'thoi gian bat dau tinh tien cuoc sub',
  `last_charge_date` datetime DEFAULT NULL,
  `last_try_charge_date` datetime DEFAULT NULL,
  `last_charge_sub_status` int(11) DEFAULT NULL,
  `extension_count` int(11) NOT NULL DEFAULT '0',
  `call_record_storage_count` int(11) NOT NULL DEFAULT '0',
  `data_storage_count` int(11) NOT NULL DEFAULT '0',
  `api_count` int(11) NOT NULL DEFAULT '0',
  `api_rpm_count` int(11) NOT NULL DEFAULT '0',
  `softphone_3c_count` int(11) NOT NULL DEFAULT '0',
  PRIMARY KEY (`id`)
) ENGINE=InnoDB DEFAULT CHARSET=utf8mb4 COLLATE=utf8mb4_unicode_ci;

-- Dumping data for table vnmcms.service_option_subcriber: ~0 rows (approximately)
/*!40000 ALTER TABLE `service_option_subcriber` DISABLE KEYS */;
/*!40000 ALTER TABLE `service_option_subcriber` ENABLE KEYS */;

-- Dumping structure for table vnmcms.service_option_subcriber_log
CREATE TABLE IF NOT EXISTS `service_option_subcriber_log` (
  `id` int(11) NOT NULL AUTO_INCREMENT,
  `service_subcriber_id` int(11) NOT NULL,
  `status` int(11) DEFAULT '1' COMMENT '1 - active, 0 - deactive',
  `begin_charge_date` datetime DEFAULT NULL COMMENT 'thoi gian bat dau tinh tien cuoc sub',
  `last_charge_date` datetime DEFAULT NULL,
  `last_try_charge_date` datetime DEFAULT NULL,
  `last_charge_sub_status` int(11) DEFAULT NULL,
  `extension_count` int(11) NOT NULL DEFAULT '0',
  `call_record_storage_count` int(11) NOT NULL DEFAULT '0',
  `data_storage_count` int(11) NOT NULL DEFAULT '0',
  `api_count` int(11) NOT NULL DEFAULT '0',
  `api_rpm_count` int(11) NOT NULL DEFAULT '0',
  `softphone_3c_count` int(11) NOT NULL DEFAULT '0',
  PRIMARY KEY (`id`)
) ENGINE=InnoDB DEFAULT CHARSET=utf8mb4 COLLATE=utf8mb4_unicode_ci;

-- Dumping data for table vnmcms.service_option_subcriber_log: ~0 rows (approximately)
/*!40000 ALTER TABLE `service_option_subcriber_log` DISABLE KEYS */;
/*!40000 ALTER TABLE `service_option_subcriber_log` ENABLE KEYS */;

-- Dumping structure for table vnmcms.service_subcriber
CREATE TABLE IF NOT EXISTS `service_subcriber` (
  `id` int(11) NOT NULL,
  `account_id` int(11) DEFAULT NULL,
  `service_config_id` int(11) DEFAULT NULL,
  `enterprise_number` varchar(50) COLLATE utf8mb4_unicode_ci DEFAULT NULL,
  `num_agent` int(11) DEFAULT NULL,
  `created_at` timestamp NULL DEFAULT NULL,
  `updated_at` timestamp NULL DEFAULT NULL,
  `status` int(11) DEFAULT '0' COMMENT '0: kich hoat',
  `begin_charge_date` datetime DEFAULT NULL COMMENT 'thoi gian bat dau tinh tien cuoc sub',
  `expired_contract_date` datetime DEFAULT NULL COMMENT 'Ngy ht hn hp ng',
  `last_charge_date` datetime DEFAULT NULL,
  `last_charge_sub_status` int(11) DEFAULT NULL,
  `cus_id` int(11) DEFAULT NULL COMMENT 'ID ca khch hng',
  `last_try_charge` datetime DEFAULT NULL,
  `cus_name` varchar(200) COLLATE utf8mb4_unicode_ci DEFAULT NULL COMMENT 'Tn Khch Hng',
  `cus_manager` varchar(200) COLLATE utf8mb4_unicode_ci DEFAULT NULL COMMENT 'i din khch hng',
  `position` varchar(200) COLLATE utf8mb4_unicode_ci DEFAULT NULL COMMENT 'Chc v',
  `license_no` varchar(200) COLLATE utf8mb4_unicode_ci DEFAULT NULL COMMENT 'Giy php kinh doanh',
  `date_of_issue` varchar(200) COLLATE utf8mb4_unicode_ci DEFAULT NULL COMMENT 'Ngy cp',
  `issued_by` varchar(200) COLLATE utf8mb4_unicode_ci DEFAULT NULL COMMENT 'n v cp',
  `tax_code` varchar(200) COLLATE utf8mb4_unicode_ci DEFAULT NULL COMMENT 'm s thu',
  `cus_tel_num` varchar(200) COLLATE utf8mb4_unicode_ci DEFAULT NULL COMMENT 'S hotline tng i khch hng',
  `cus_email` varchar(200) COLLATE utf8mb4_unicode_ci DEFAULT NULL COMMENT 'email',
  `admin_tel` varchar(200) COLLATE utf8mb4_unicode_ci DEFAULT NULL COMMENT 'in thoi ph trch',
  `admin_email` varchar(200) COLLATE utf8mb4_unicode_ci DEFAULT NULL COMMENT 'Email ph trch',
  `warning_range` varchar(200) COLLATE utf8mb4_unicode_ci DEFAULT NULL COMMENT 'mc cnh bo cc',
  `am_id` varchar(200) COLLATE utf8mb4_unicode_ci DEFAULT NULL COMMENT 'm AM',
  `am_name` varchar(200) COLLATE utf8mb4_unicode_ci DEFAULT NULL COMMENT 'tn AM',
  `agency_id` varchar(200) COLLATE utf8mb4_unicode_ci DEFAULT NULL COMMENT 'm n v kinh doanh',
  `agency_name` varchar(200) COLLATE utf8mb4_unicode_ci DEFAULT NULL COMMENT 'tn n v kinh doanh',
  `region_id` varchar(200) COLLATE utf8mb4_unicode_ci DEFAULT NULL COMMENT 'm khu vc',
  `region_name` varchar(200) COLLATE utf8mb4_unicode_ci DEFAULT NULL COMMENT 'tn khu vc',
  `package_name` varchar(200) COLLATE utf8mb4_unicode_ci DEFAULT NULL COMMENT 'tn gi cc',
  `user_number` int(11) DEFAULT NULL COMMENT 's lng user ti a',
  `cust_address` varchar(200) COLLATE utf8mb4_unicode_ci DEFAULT NULL COMMENT 'a ch',
  PRIMARY KEY (`id`),
  UNIQUE KEY `enterprise_number` (`enterprise_number`)
) ENGINE=InnoDB DEFAULT CHARSET=utf8mb4 COLLATE=utf8mb4_unicode_ci COMMENT='bang mapping giua services_config va account';

-- Dumping data for table vnmcms.service_subcriber: ~4 rows (approximately)
/*!40000 ALTER TABLE `service_subcriber` DISABLE KEYS */;
INSERT IGNORE INTO `service_subcriber` (`id`, `account_id`, `service_config_id`, `enterprise_number`, `num_agent`, `created_at`, `updated_at`, `status`, `begin_charge_date`, `expired_contract_date`, `last_charge_date`, `last_charge_sub_status`, `cus_id`, `last_try_charge`, `cus_name`, `cus_manager`, `position`, `license_no`, `date_of_issue`, `issued_by`, `tax_code`, `cus_tel_num`, `cus_email`, `admin_tel`, `admin_email`, `warning_range`, `am_id`, `am_name`, `agency_id`, `agency_name`, `region_id`, `region_name`, `package_name`, `user_number`, `cust_address`) VALUES
	(1, NULL, 1, '0888222222', 3, NULL, '2018-03-20 10:33:59', 0, '2018-03-06 11:54:10', NULL, '2018-03-06 13:14:22', 0, NULL, '2018-03-06 13:14:22', NULL, NULL, NULL, NULL, NULL, NULL, NULL, NULL, NULL, NULL, NULL, NULL, NULL, NULL, NULL, NULL, NULL, NULL, NULL, NULL, NULL),
	(3, NULL, 1, '09821112221BCD', 0, NULL, '2018-03-07 06:48:51', 2, '2018-03-08 06:14:31', NULL, NULL, NULL, NULL, NULL, NULL, NULL, NULL, NULL, NULL, NULL, NULL, NULL, NULL, NULL, NULL, NULL, NULL, NULL, NULL, NULL, NULL, NULL, NULL, NULL, NULL),
	(5, NULL, 1, 'A0992112211A', 0, NULL, '2018-03-20 13:24:29', 0, '2018-03-08 06:37:41', NULL, '2018-03-08 06:38:35', 0, NULL, '2018-03-08 06:38:34', NULL, NULL, NULL, NULL, NULL, NULL, NULL, NULL, NULL, NULL, NULL, NULL, NULL, NULL, NULL, NULL, NULL, NULL, NULL, NULL, NULL),
	(6, NULL, 2, '123455222', 0, NULL, '2018-03-19 17:50:33', 0, '2018-03-16 16:56:24', NULL, '2018-03-17 22:09:30', 0, NULL, '2018-03-17 22:09:29', NULL, NULL, NULL, NULL, NULL, NULL, NULL, NULL, NULL, NULL, NULL, NULL, NULL, NULL, NULL, NULL, NULL, NULL, NULL, NULL, NULL);
/*!40000 ALTER TABLE `service_subcriber` ENABLE KEYS */;

-- Dumping structure for table vnmcms.service_subcriber_log
CREATE TABLE IF NOT EXISTS `service_subcriber_log` (
  `id` int(11) NOT NULL AUTO_INCREMENT,
  `account_id` int(11) DEFAULT NULL,
  `service_config_id` int(11) DEFAULT NULL,
  `enterprise_number` varchar(50) COLLATE utf8mb4_unicode_ci DEFAULT NULL,
  `num_agent` int(11) DEFAULT NULL,
  `created_at` timestamp NULL DEFAULT NULL,
  `updated_at` timestamp NULL DEFAULT NULL,
  `status` int(11) DEFAULT '1' COMMENT '1 - active, 0 - deactive',
  `begin_charge_date` datetime DEFAULT NULL COMMENT 'thoi gian bat dau tinh tien cuoc sub',
  `last_charge_date` datetime DEFAULT NULL,
  `last_charge_sub_status` int(11) DEFAULT NULL,
  `cus_id` int(11) DEFAULT NULL COMMENT 'ID ca khch hng',
  `cus_name` varchar(200) COLLATE utf8mb4_unicode_ci DEFAULT NULL COMMENT 'Tn Khch Hng',
  `cus_manager` varchar(200) COLLATE utf8mb4_unicode_ci DEFAULT NULL COMMENT 'i din khch hng',
  `position` varchar(200) COLLATE utf8mb4_unicode_ci DEFAULT NULL COMMENT 'Chc v',
  `license_no` varchar(200) COLLATE utf8mb4_unicode_ci DEFAULT NULL COMMENT 'Giy php kinh doanh',
  `date_of_issue` varchar(100) COLLATE utf8mb4_unicode_ci DEFAULT NULL COMMENT 'Ngy cp',
  `issued_by` varchar(200) COLLATE utf8mb4_unicode_ci DEFAULT NULL COMMENT 'n v cp',
  `tax_code` varchar(200) COLLATE utf8mb4_unicode_ci DEFAULT NULL,
  `cus_tel_num` varchar(200) COLLATE utf8mb4_unicode_ci DEFAULT NULL COMMENT 'S hotline tng i khch hng',
  `cus_email` varchar(200) COLLATE utf8mb4_unicode_ci DEFAULT NULL COMMENT 'email',
  `admin_tel` varchar(200) COLLATE utf8mb4_unicode_ci DEFAULT NULL COMMENT 'in thoi ph trch',
  `admin_email` varchar(200) COLLATE utf8mb4_unicode_ci DEFAULT NULL COMMENT 'email ph trch',
  `warning_range` varchar(200) COLLATE utf8mb4_unicode_ci DEFAULT NULL COMMENT 'mc cnh bo cc',
  `am_id` varchar(200) COLLATE utf8mb4_unicode_ci DEFAULT NULL COMMENT 'm AM',
  `am_name` varchar(200) COLLATE utf8mb4_unicode_ci DEFAULT NULL COMMENT 'tn AM',
  `agency_id` varchar(200) COLLATE utf8mb4_unicode_ci DEFAULT NULL COMMENT 'm n v kinh doanh',
  `agency_name` varchar(200) COLLATE utf8mb4_unicode_ci DEFAULT NULL COMMENT 'tn n v kinh doanh',
  `region_id` varchar(200) COLLATE utf8mb4_unicode_ci DEFAULT NULL COMMENT 'm khu vc',
  `region_name` varchar(200) COLLATE utf8mb4_unicode_ci DEFAULT NULL COMMENT 'tn khu vc',
  `package_name` varchar(200) COLLATE utf8mb4_unicode_ci DEFAULT NULL COMMENT 'tn gi cc',
  `user_number` int(11) DEFAULT NULL COMMENT 's lng user ti a',
  `action_type` int(2) DEFAULT NULL COMMENT '1: ng k mi, 2: hy hotline, 3: sa license',
  `result` int(2) DEFAULT NULL COMMENT '1: thanh cong, 2: that bai',
  `cust_address` varchar(200) COLLATE utf8mb4_unicode_ci DEFAULT NULL COMMENT 'a ch',
  PRIMARY KEY (`id`)
) ENGINE=InnoDB DEFAULT CHARSET=utf8mb4 COLLATE=utf8mb4_unicode_ci ROW_FORMAT=DYNAMIC COMMENT='bang mapping giua services_config va account';

-- Dumping data for table vnmcms.service_subcriber_log: ~0 rows (approximately)
/*!40000 ALTER TABLE `service_subcriber_log` DISABLE KEYS */;
/*!40000 ALTER TABLE `service_subcriber_log` ENABLE KEYS */;

-- Dumping structure for table vnmcms.sms_fee_config
CREATE TABLE IF NOT EXISTS `sms_fee_config` (
  `id` int(11) NOT NULL AUTO_INCREMENT,
  `service_config_id` int(11) DEFAULT NULL COMMENT 'id bng services_config',
  `type` int(11) NOT NULL COMMENT '1:noi mang, 2:ngoai mang, 3: quoc te ...',
  `from_sms` bigint(20) DEFAULT NULL COMMENT 't sms t',
  `to_sms` bigint(20) DEFAULT NULL COMMENT 'n sms (-1 l v hn)',
  `sms_fees` bigint(20) DEFAULT NULL COMMENT 'cc (VND)',
  `sms_type` int(1) DEFAULT NULL COMMENT '0 : MO, 1: MT',
  `priority` int(2) DEFAULT NULL COMMENT ' u tin, trnh trng hp nhiu khong trng nhau',
  `created_at` datetime DEFAULT CURRENT_TIMESTAMP,
  `updated_at` datetime DEFAULT CURRENT_TIMESTAMP,
  `status` int(11) DEFAULT '0' COMMENT '0: Bnh thng, 1: Tm kha, 2: Hy ',
  PRIMARY KEY (`id`),
  KEY `services_id` (`service_config_id`)
) ENGINE=InnoDB AUTO_INCREMENT=4 DEFAULT CHARSET=utf8 COLLATE=utf8_unicode_ci ROW_FORMAT=COMPACT COMMENT='cu hnh cc cuc gi';

-- Dumping data for table vnmcms.sms_fee_config: ~2 rows (approximately)
/*!40000 ALTER TABLE `sms_fee_config` DISABLE KEYS */;
INSERT IGNORE INTO `sms_fee_config` (`id`, `service_config_id`, `type`, `from_sms`, `to_sms`, `sms_fees`, `sms_type`, `priority`, `created_at`, `updated_at`, `status`) VALUES
	(1, 1, 1, 0, -1, 500, 2, NULL, '2018-03-06 11:32:46', '2018-03-19 13:13:38', 0),
	(3, 1, 2, 0, -1, 600, 2, NULL, '2018-03-06 11:33:58', '2018-03-19 13:13:41', 0);
/*!40000 ALTER TABLE `sms_fee_config` ENABLE KEYS */;

-- Dumping structure for table vnmcms.sms_fee_cycle_status
CREATE TABLE IF NOT EXISTS `sms_fee_cycle_status` (
  `id` int(11) NOT NULL AUTO_INCREMENT,
  `enterprise_number` varchar(50) COLLATE utf8mb4_unicode_ci NOT NULL,
  `type` int(11) NOT NULL COMMENT '1:noi mang, 2:ngoai mang, 3: quoc te ...',
  `cycle_from` datetime NOT NULL,
  `cycle_to` datetime NOT NULL,
  `total_count` bigint(20) NOT NULL,
  `total_amount` bigint(20) NOT NULL COMMENT 'tong tien vnd',
  `created_at` datetime NOT NULL,
  `updated_at` datetime NOT NULL,
  PRIMARY KEY (`id`)
) ENGINE=InnoDB DEFAULT CHARSET=utf8mb4 COLLATE=utf8mb4_unicode_ci;

-- Dumping data for table vnmcms.sms_fee_cycle_status: ~0 rows (approximately)
/*!40000 ALTER TABLE `sms_fee_cycle_status` DISABLE KEYS */;
/*!40000 ALTER TABLE `sms_fee_cycle_status` ENABLE KEYS */;

-- Dumping structure for table vnmcms.subcharge_fee_cycle_status
CREATE TABLE IF NOT EXISTS `subcharge_fee_cycle_status` (
  `id` int(11) NOT NULL AUTO_INCREMENT,
  `enterprise_number` varchar(50) COLLATE utf8mb4_unicode_ci NOT NULL,
  `cycle_from` datetime NOT NULL,
  `cycle_to` datetime NOT NULL,
  `total_amount` bigint(20) NOT NULL COMMENT 'tong tien vnd',
  `created_at` datetime NOT NULL,
  `updated_at` datetime NOT NULL,
  PRIMARY KEY (`id`)
) ENGINE=InnoDB AUTO_INCREMENT=7 DEFAULT CHARSET=utf8mb4 COLLATE=utf8mb4_unicode_ci;

-- Dumping data for table vnmcms.subcharge_fee_cycle_status: ~1 rows (approximately)
/*!40000 ALTER TABLE `subcharge_fee_cycle_status` DISABLE KEYS */;
INSERT IGNORE INTO `subcharge_fee_cycle_status` (`id`, `enterprise_number`, `cycle_from`, `cycle_to`, `total_amount`, `created_at`, `updated_at`) VALUES
	(3, '888222222', '2018-03-01 00:00:00', '2018-03-31 23:59:59', 275000, '2018-03-06 13:14:22', '2018-03-19 15:32:30'),
	(5, 'A0992112211', '2018-03-01 00:00:00', '2018-03-31 23:59:59', 0, '2018-03-08 06:38:35', '2018-03-08 06:38:35'),
	(6, '123455222', '2018-03-01 00:00:00', '2018-03-31 23:59:59', 98000, '2018-03-17 22:09:29', '2018-03-17 22:09:29');
/*!40000 ALTER TABLE `subcharge_fee_cycle_status` ENABLE KEYS */;

-- Dumping structure for table vnmcms.users
CREATE TABLE IF NOT EXISTS `users` (
  `id` int(10) unsigned NOT NULL AUTO_INCREMENT,
  `name` varchar(255) COLLATE utf8_unicode_ci NOT NULL,
  `role` int(11) NOT NULL,
  `email` varchar(255) COLLATE utf8_unicode_ci NOT NULL,
  `password` varchar(255) COLLATE utf8_unicode_ci NOT NULL,
  `api_token` varchar(500) COLLATE utf8_unicode_ci DEFAULT NULL,
  `remember_token` varchar(100) COLLATE utf8_unicode_ci DEFAULT NULL,
  `created_at` timestamp NULL DEFAULT CURRENT_TIMESTAMP,
  `updated_at` timestamp NULL DEFAULT CURRENT_TIMESTAMP,
  PRIMARY KEY (`id`),
  UNIQUE KEY `users_email_unique` (`email`)
) ENGINE=InnoDB AUTO_INCREMENT=13 DEFAULT CHARSET=utf8 COLLATE=utf8_unicode_ci;

-- Dumping data for table vnmcms.users: ~6 rows (approximately)
/*!40000 ALTER TABLE `users` DISABLE KEYS */;
INSERT IGNORE INTO `users` (`id`, `name`, `role`, `email`, `password`, `api_token`, `remember_token`, `created_at`, `updated_at`) VALUES
	(1, 'Admin 13', 1, 'admin@gmail.com', '$2y$10$RrlXNl56HChU5AejkZEMf.RHCoc9htogxtntFoSlfpiG/FX6I3HzW', NULL, 'yfucfuzTz3TEOkZfYeTBYbRzR0BlgOV3pM7aUdQpmdlJx7ZnZRspGaxz3jhr', '2018-02-07 06:12:29', '2018-03-20 12:04:44'),
	(2, 'admin 22', 1, 'nnghia@gmail.com', '$2y$10$XP9Sv7DccYOH9F1A6hEpCel/jKjllzrZANCJUWfrV5U24Hii/ubJm', NULL, '2ojPurbJfbuOVSfQQIcmX8zjTb9XWlB29A8oIQQiwJZBs9dgbV48kLZnb5Nn', '2018-02-26 23:23:46', '2018-03-20 13:19:06'),
	(3, 'Tung', 2, 'tung@its.com', '$2y$10$RcrGl2yNXqtvQNusK1lBv.okv2CGH7EWUpVuR6rBYXYiBMkdcxijO', NULL, 'Y95x3t7NCzqCjoPZVkVcVQYxfKSTUa1GedZDmIRD4IJEUheOCSPliPk1mmFD', '2018-02-28 10:58:19', '2018-03-20 13:18:02'),
	(5, 'ITS 2', 1, 'rico@its.com', '$2y$10$sDTokQcAp77eCAPoPsy7VeW0waAihR10P11F4qq1JxyL2fDRug61a', 'eyJ0eXAiOiJKV1QiLCJhbGciOiJIUzI1NiJ9.eyJpc3MiOiJodHRwOi8vMjEwLjIxMS45OS4xMjA6ODA4MC9hcGkvYXV0aC9sb2dpbiIsImlhdCI6MTUyMDY1MjI3MywiZXhwIjoxNTIxMjU3MDczLCJuYmYiOjE1MjA2NTIyNzMsImp0aSI6IkljOUdCd1U3OFhHOWJXUEsiLCJzdWIiOjUsInBydiI6Ijg3ZTBhZjFlZjlmZDE1ODEyZmRlYzk3MTUzYTE0ZTBiMDQ3NTQ2YWEifQ.LDMMyKHXMzSreIccwzVhh0G5O9Q4J-ZRGjv1OTTSjPY', 'SuBtd4szy1v4tqeYurWKpK3e2XEQ7xfrOp0INH5hOX4OfYqsL0bXYETosbK0', '2018-03-07 17:11:18', '2018-03-19 15:23:27'),
	(7, 'sfdfds', 0, 'asdas@gmail.com', '$2y$10$q/iHa/RnpDxX9prXb1M.le413xkeJrCDiPo0RyvktJr6uhQ1x884e', NULL, 'h1fqPIEy3MpxDynClHHb624xa2XTvPQZbPRcfa7CwrktU7uE5Ds7NA6A2Xul', '2018-03-07 17:21:46', '2018-03-09 15:48:33'),
	(8, 'Dai', 2, 'dai@its.com', '$2y$10$iybo4xYfIBwzt2oVpGP.6edwAOKoKGCSOjTCAqdhqlvmBY.rfx1le', 'eyJ0eXAiOiJKV1QiLCJhbGciOiJIUzI1NiJ9.eyJpc3MiOiJodHRwOi8vMTI1LjIzNS4yOC4xODAvYXBpL2F1dGgvbG9naW5XZWIiLCJpYXQiOjE1MjE1MjcyNTMsImV4cCI6MTUyMjEzMjA1MywibmJmIjoxNTIxNTI3MjUzLCJqdGkiOiJ6dTcwUVdrRzlJWlNZYU9hIiwic3ViIjo4LCJwcnYiOiI4N2UwYWYxZWY5ZmQxNTgxMmZkZWM5NzE1M2ExNGUwYjA0NzU0NmFhIn0.cGJZ2CPd30K45SAtULgqO1i1RY4wQTNJasKQFlaOetM', '7H9PAYWwam0eJiX3Wch81hsD66mNuCDAHarstMp63DHFsAA0zYlExJneB4Bb', '2018-03-20 12:04:00', '2018-03-20 13:27:33'),
	(10, 'New user', 2, 'nuser@gmail.com', '$2y$10$7IedrI8led8sgQG2it38Yu2nbqwAC2UCEMkQ8g9CGtBJ.mT8L1XJi', NULL, '5FfeJM9gNOsrvNEGA14k4OcwKCu45lBMISrDMbif9C8oTMQJA0pqFkXcjcBK', '2018-03-20 13:18:33', '2018-03-20 13:24:11'),
	(12, 'New Admin', 1, 'nadmin@gmail.com', '$2y$10$Y5EqtkX/CSRqgm.85hbmf.2VgoOh9I6SlxeZAO9mUxOqemUIFf6mC', 'eyJ0eXAiOiJKV1QiLCJhbGciOiJIUzI1NiJ9.eyJpc3MiOiJodHRwOi8vMTI1LjIzNS4yOC4xODAvYXBpL2F1dGgvbG9naW5XZWIiLCJpYXQiOjE1MjE1MjcwNTksImV4cCI6MTUyMjEzMTg1OSwibmJmIjoxNTIxNTI3MDU5LCJqdGkiOiJ6SDdvN29qNktLS29pZmhJIiwic3ViIjoxMiwicHJ2IjoiODdlMGFmMWVmOWZkMTU4MTJmZGVjOTcxNTNhMTRlMGIwNDc1NDZhYSJ9.fg3HJ6Ht-w2UwEoM-t595VD-MUGC52TzrYMogwZ8Inc', 'sepeBIMTr4fbkxLr1k6vJgOHQtlpO60Gy7h1ZT5BFU3hXaNjyRrQVXZ15mVc', '2018-03-20 13:18:59', '2018-03-20 13:24:19');
/*!40000 ALTER TABLE `users` ENABLE KEYS */;

/*!40101 SET SQL_MODE=IFNULL(@OLD_SQL_MODE, '') */;
/*!40014 SET FOREIGN_KEY_CHECKS=IF(@OLD_FOREIGN_KEY_CHECKS IS NULL, 1, @OLD_FOREIGN_KEY_CHECKS) */;
/*!40101 SET CHARACTER_SET_CLIENT=@OLD_CHARACTER_SET_CLIENT */;
